Index,ID,SecType
1,A0HN5C.ETR,E
3,SGFI.FR,E
5,NRP.NL,E
7,840400.ETR,E
8,519000.ETR,E
9,543900.ETR,E
10,620440.ETR,E
11,872087.ETR,E
12,750000.ETR,E
13,851194.ETR,E
14,SGO.FR,E
15,766403.ETR,E
16,BN.FR,E
17,PROAC.FR,E
18,MUN.FR,E
19,588811.ETR,E
20,A0B5Z8.ETR,E
21,VIV.FR,E
22,591068.ETR,E
23,SEC.FR,E
24,HDG.NL,E
25,725750.ETR,E
26,725753.ETR,E
27,723610.ETR,E
28,514000.ETR,E
29,896022.ETR,E
30,850001.ETR,E
31,850103.ETR,E
32,AI.FR,E
33,850133.ETR,E
34,850185.ETR,E
35,850222.ETR,E
36,850312.ETR,E
37,STRN.NL,E
38,850354.ETR,E
39,850471.ETR,E
40,850517.ETR,E
41,850598.ETR,E
42,CATR.FR,E
43,850605.ETR,E
44,850628.ETR,E
45,850663.ETR,E
46,850667.ETR,E
47,MF.FR,E
48,TTE.FR,E
49,850727.ETR,E
50,ML.FR,E
51,850775.ETR,E
52,850795.ETR,E
53,850808.ETR,E
54,HO.FR,E
55,850875.ETR,E
56,850981.ETR,E
57,851143.ETR,E
58,851204.ETR,E
59,KER.FR,E
60,851223.ETR,E
61,DGE.FR,E
62,851247.ETR,E
63,HEIA.NL,E
64,A0CA0G.ETR,E
65,851297.ETR,E
66,851399.ETR,E
67,851413.ETR,E
68,852011.ETR,E
69,852026.ETR,E
70,852069.ETR,E
71,852147.ETR,E
72,CA.FR,E
73,BAIN.FR,E
74,852362.ETR,E
75,MRN.FR,E
76,RX.FR,E
77,GAM.FR,E
78,852552.ETR,E
79,120470.ETR,E
80,852894.ETR,E
81,852927.ETR,E
82,CO.FR,E
83,HEIO.NL,E
84,WHA.NL,E
85,MC.FR,E
86,853292.ETR,E
87,RI.FR,E
88,853373.ETR,E
89,FGR.FR,E
90,OR.FR,E
91,853888.ETR,E
92,FLY.FR,E
93,854545.ETR,E
94,854912.ETR,E
95,AF.FR,E
96,CS.FR,E
97,855705.ETR,E
98,856050.ETR,E
99,857463.ETR,E
100,857498.ETR,E
101,AGN.NL,E
102,A0JL2Y.ETR,E
103,858266.ETR,E
104,PUB.FR,E
105,CFI.FR,E
106,SU.FR,E
107,860180.ETR,E
108,AC.FR,E
109,RF.FR,E
110,861149.ETR,E
111,SK.FR,E
112,EL.FR,E
113,LI.FR,E
114,HAL.NL,E
115,SAVE.FR,E
116,866131.ETR,E
117,866671.ETR,E
118,A0B6XA.ETR,E
119,MMB.FR,E
120,DG.FR,E
121,867475.ETR,E
122,867622.ETR,E
123,867679.ETR,E
124,868891.ETR,E
125,CAP.FR,E
126,870450.ETR,E
127,GBT.FR,E
128,870625.ETR,E
129,SW.FR,E
130,ALTIV.FR,E
131,FNTS.FR,E
132,871784.ETR,E
133,871981.ETR,E
134,GLE.FR,E
135,873403.ETR,E
136,BOI.FR,E
137,TFI.FR,E
138,896040.ETR,E
139,874341.ETR,E
140,VIRP.FR,E
141,876845.ETR,E
142,FII.FR,E
143,877738.ETR,E
144,877961.ETR,E
145,RAL.FR,E
146,ORDI.NL,E
147,878279.ETR,E
148,RAND.NL,E
149,SOP.FR,E
150,928900.ETR,E
151,881646.ETR,E
152,881905.ETR,E
153,ALPDX.FR,E
154,882578.ETR,E
155,CDI.FR,E
156,923893.ETR,E
157,886455.ETR,E
158,887771.ETR,E
159,BNP.FR,E
160,888903.ETR,E
161,TEP.FR,E
162,892502.ETR,E
163,MMT.FR,E
164,RNO.FR,E
165,893113.ETR,E
166,DBG.FR,E
167,CGM.FR,E
168,897200.ETR,E
169,897791.ETR,E
170,ALDEL.FR,E
171,UBI.FR,E
172,902388.ETR,E
173,903000.ETR,E
174,852062.ETR,E
175,865985.ETR,E
176,766400.ETR,E
177,710000.ETR,E
178,IGE.FR,E
179,853081.ETR,E
180,555750.ETR,E
181,ALLEX.FR,E
182,907466.ETR,E
183,909943.ETR,E
184,ALHF.FR,E
185,867900.ETR,E
186,865177.ETR,E
187,870747.ETR,E
188,884437.ETR,E
189,LBIRD.FR,E
190,BUI.FR,E
191,855681.ETR,E
192,911535.ETR,E
193,CTAC.NL,E
194,915210.ETR,E
195,AUB.FR,E
196,916018.ETR,E
197,CNP.FR,E
198,LTA.FR,E
199,ATE.FR,E
200,SDT.FR,E
201,QDT.FR,E
202,SAN.FR,E
203,920657.ETR,E
204,CAS.FR,E
205,IPS.FR,E
206,VLK.NL,E
207,SAF.FR,E
208,GID.FR,E
209,927079.ETR,E
210,SFPI.FR,E
211,ALNTG.FR,E
212,SII.FR,E
213,ASY.FR,E
214,DVT.FR,E
215,BSD.FR,E
216,PRC.FR,E
217,934623.ETR,E
218,936718.ETR,E
219,936853.ETR,E
220,ALRIB.FR,E
221,940561.ETR,E
222,PHIA.NL,E
223,940602.ETR,E
224,523280.ETR,E
225,566480.ETR,E
226,567710.ETR,E
227,577220.ETR,E
228,604270.ETR,E
229,645290.ETR,E
230,691660.ETR,E
231,696960.ETR,E
232,701080.ETR,E
233,703712.ETR,E
234,723132.ETR,E
235,843002.ETR,E
236,EN.FR,E
237,ORA.FR,E
238,906849.ETR,E
239,STM.FR,E
240,893438.ETR,E
241,938914.ETR,E
242,AIR.FR,E
243,871460.ETR,E
244,903276.ETR,E
245,VASTN.NL,E
246,500800.ETR,E
247,501451.ETR,E
248,VIE.FR,E
249,502391.ETR,E
250,502665.ETR,E
251,508903.ETR,E
252,509310.ETR,E
253,510200.ETR,E
254,510300.ETR,E
255,510480.ETR,E
256,510440.ETR,E
257,511000.ETR,E
258,511880.ETR,E
259,515600.ETR,E
260,515623.ETR,E
261,515710.ETR,E
262,515870.ETR,E
263,516790.ETR,E
264,517690.ETR,E
265,517800.ETR,E
266,519003.ETR,E
267,519400.ETR,E
268,519406.ETR,E
269,520000.ETR,E
270,522000.ETR,E
271,522720.ETR,E
272,522723.ETR,E
273,522877.ETR,E
274,531350.ETR,E
275,540390.ETR,E
276,540710.ETR,E
277,540740.ETR,E
278,541910.ETR,E
279,547030.ETR,E
280,549293.ETR,E
281,126215.ETR,E
282,553340.ETR,E
283,553860.ETR,E
284,554550.ETR,E
285,555063.ETR,E
286,555200.ETR,E
287,555869.ETR,E
288,556520.ETR,E
289,558000.ETR,E
290,565970.ETR,E
291,575440.ETR,E
292,577330.ETR,E
293,577410.ETR,E
294,577580.ETR,E
295,578560.ETR,E
296,585518.ETR,E
297,587800.ETR,E
298,589540.ETR,E
299,590375.ETR,E
300,590900.ETR,E
301,593612.ETR,E
302,604840.ETR,E
303,604843.ETR,E
304,604700.ETR,E
305,607000.ETR,E
306,604400.ETR,E
307,608440.ETR,E
308,609500.ETR,E
309,620010.ETR,E
310,620110.ETR,E
311,620200.ETR,E
312,620840.ETR,E
313,621993.ETR,E
314,622360.ETR,E
315,623100.ETR,E
316,ITE.FR,E
317,629200.ETR,E
318,630500.ETR,E
319,629203.ETR,E
320,633500.ETR,E
321,646450.ETR,E
322,656990.ETR,E
323,657800.ETR,E
324,658080.ETR,E
325,659510.ETR,E
326,660200.ETR,E
327,660500.ETR,E
328,662720.ETR,E
329,665610.ETR,E
330,676650.ETR,E
331,692650.ETR,E
332,696780.ETR,E
333,696800.ETR,E
334,703000.ETR,E
335,704230.ETR,E
336,707400.ETR,E
337,719350.ETR,E
338,716563.ETR,E
339,720190.ETR,E
340,720370.ETR,E
341,722900.ETR,E
342,723133.ETR,E
343,723530.ETR,E
344,727650.ETR,E
345,729700.ETR,E
346,731400.ETR,E
347,744600.ETR,E
348,744850.ETR,E
349,746100.ETR,E
350,750100.ETR,E
351,750750.ETR,E
352,755150.ETR,E
353,748020.ETR,E
354,765723.ETR,E
355,804100.ETR,E
356,814820.ETR,E
357,823212.ETR,E
358,840221.ETR,E
359,846896.ETR,I
360,846894.ETR,I
361,843596.ETR,E
362,850561.ETR,E
363,850226.ETR,E
364,850347.ETR,E
365,850501.ETR,E
366,850866.ETR,E
367,851544.ETR,E
368,851781.ETR,E
369,NK.FR,E
370,851921.ETR,E
371,851936.ETR,E
372,851995.ETR,E
373,852009.ETR,E
374,852070.ETR,E
375,852523.ETR,E
376,852549.ETR,E
377,852654.ETR,E
378,853121.ETR,E
379,853265.ETR,E
380,SLB.FR,E
381,853707.ETR,E
382,853815.ETR,E
383,853823.ETR,E
384,853862.ETR,E
385,853881.ETR,E
386,853887.ETR,E
387,853915.ETR,E
388,854013.ETR,E
389,854075.ETR,E
390,854161.ETR,E
391,854693.ETR,E
392,854854.ETR,E
393,855009.ETR,E
394,855178.ETR,E
395,855225.ETR,E
396,855451.ETR,E
397,855686.ETR,E
398,855786.ETR,E
399,855853.ETR,E
400,855950.ETR,E
401,856243.ETR,E
402,856244.ETR,E
403,856331.ETR,E
404,856632.ETR,E
405,856678.ETR,E
406,856958.ETR,E
407,857209.ETR,E
408,857621.ETR,E
409,857675.ETR,E
410,857949.ETR,E
411,858388.ETR,E
412,858415.ETR,E
413,858560.ETR,E
414,858872.ETR,E
415,859121.ETR,E
416,859888.ETR,E
417,859892.ETR,E
418,BB.FR,E
419,860853.ETR,E
420,861114.ETR,E
421,861219.ETR,E
422,862485.ETR,E
423,862837.ETR,E
424,863060.ETR,E
425,863186.ETR,E
426,863533.ETR,E
427,863582.ETR,E
428,864330.ETR,E
429,864371.ETR,E
430,864777.ETR,E
431,864952.ETR,E
432,865406.ETR,E
433,865857.ETR,E
434,865884.ETR,E
435,866197.ETR,E
436,866953.ETR,E
437,866993.ETR,E
438,EO.FR,E
439,867028.ETR,E
440,868284.ETR,E
441,868402.ETR,E
442,ASM.NL,E
443,868746.ETR,E
444,869020.ETR,E
445,869353.ETR,E
446,870153.ETR,E
447,870315.ETR,E
448,870737.ETR,E
449,NOKIA.FR,E
450,870967.ETR,E
451,871004.ETR,E
452,871394.ETR,E
453,871706.ETR,E
454,ROOD.NL,E
455,873567.ETR,E
456,874171.ETR,E
457,875272.ETR,E
458,875773.ETR,E
459,876872.ETR,E
460,ATO.FR,E
461,878372.ETR,E
462,878841.ETR,E
463,879100.ETR,E
464,880205.ETR,E
465,880883.ETR,E
466,881535.ETR,E
467,881793.ETR,E
468,882177.ETR,E
469,882749.ETR,E
470,883121.ETR,E
471,RCO.FR,E
472,789617.ETR,E
473,884113.ETR,E
474,884304.ETR,E
475,885069.ETR,E
476,885823.ETR,E
477,885836.ETR,E
478,886053.ETR,E
479,886105.ETR,E
480,886429.ETR,E
481,RMS.FR,E
482,886670.ETR,E
483,887320.ETR,E
484,887629.ETR,E
485,887891.ETR,E
486,888282.ETR,E
487,888346.ETR,E
488,888351.ETR,E
489,889290.ETR,E
490,890167.ETR,E
491,893413.ETR,E
492,893579.ETR,E
493,894648.ETR,E
494,EUR.FR,E
495,895738.ETR,E
496,895250.ETR,E
497,896007.ETR,E
498,896476.ETR,E
499,CLB.NL,E
500,897518.ETR,E
501,897933.ETR,E
502,897961.ETR,E
503,898407.ETR,E
504,898521.ETR,E
505,899676.ETR,E
506,HCO.FR,E
507,903016.ETR,E
508,903978.ETR,E
509,904533.ETR,E
510,MBWS.FR,E
511,905249.ETR,E
512,906866.ETR,E
513,906870.ETR,E
514,907391.ETR,E
515,ALESK.FR,E
516,908668.ETR,E
517,908683.ETR,E
518,910553.ETR,E
519,911060.ETR,E
520,911090.ETR,E
521,911563.ETR,E
522,TNG.FR,E
523,913070.ETR,E
524,SESG.FR,E
525,915266.ETR,E
526,915272.ETR,E
527,916529.ETR,E
528,918422.ETR,E
529,920299.ETR,E
530,ALITL.FR,E
531,922985.ETR,E
532,LPE.FR,E
533,924801.ETR,E
534,924838.ETR,E
535,925345.ETR,E
536,928193.ETR,E
537,928906.ETR,E
538,931083.ETR,E
539,936386.ETR,E
540,888024.ETR,E
541,939391.ETR,E
542,AEX.NL,I
543,PX1.FR,I
544,PX4.FR,I
545,513700.ETR,E
546,522090.ETR,E
547,519990.ETR,E
548,522950.ETR,E
549,531370.ETR,E
550,548956.ETR,E
551,549309.ETR,E
552,549532.ETR,E
553,549890.ETR,E
554,565493.ETR,E
555,581005.ETR,E
556,656940.ETR,E
557,716560.ETR,E
558,727413.ETR,E
559,801900.ETR,E
560,830350.ETR,E
561,846744.ETR,I
562,846960.ETR,I
563,846980.ETR,I
564,851704.ETR,E
565,853260.ETR,E
566,853986.ETR,E
567,859034.ETR,E
568,869686.ETR,E
569,869964.ETR,E
570,872318.ETR,E
571,878613.ETR,E
572,880135.ETR,E
573,920332.ETR,E
574,922977.ETR,E
575,966012.ETR,I
576,966015.ETR,I
577,966033.ETR,I
578,966036.ETR,I
579,966039.ETR,I
580,940883.ETR,E
581,966011.ETR,I
582,966014.ETR,I
583,966020.ETR,I
584,966023.ETR,I
585,966032.ETR,I
586,966035.ETR,I
587,966038.ETR,I
588,966040.ETR,I
589,966041.ETR,I
590,966008.ETR,I
591,966010.ETR,I
592,966025.ETR,I
593,966044.ETR,I
594,966045.ETR,I
595,966043.ETR,I
596,ES.FR,E
597,CRI.FR,E
598,RE.FR,E
599,FBEL.FR,E
600,VIL.FR,E
601,888210.ETR,E
602,GFC.FR,E
603,901492.ETR,E
604,A0JNE2.ETR,E
605,UNA.NL,E
606,COH.FR,E
607,508810.ETR,E
608,557080.ETR,E
609,564950.ETR,E
610,578580.ETR,E
611,DEC.FR,E
612,580060.ETR,E
613,621468.ETR,E
614,632305.ETR,E
615,663200.ETR,E
616,NEX.FR,E
617,700890.ETR,E
618,727950.ETR,E
619,766710.ETR,E
620,805100.ETR,E
621,851962.ETR,E
622,858144.ETR,E
623,858406.ETR,E
624,860408.ETR,E
625,870053.ETR,E
626,882807.ETR,E
627,883703.ETR,E
628,A0B6VB.ETR,E
629,889826.ETR,E
630,911443.ETR,E
631,914076.ETR,E
632,922230.ETR,E
633,923889.ETR,E
634,929198.ETR,E
635,LIN.FR,E
636,549562.ETR,E
637,851915.ETR,E
638,914508.ETR,E
639,966009.ETR,I
640,966013.ETR,I
641,966021.ETR,I
642,966024.ETR,I
643,846741.ETR,I
644,846753.ETR,I
645,966037.ETR,I
646,575980.ETR,E
647,GDS.FR,E
648,603111.ETR,E
649,753718.ETR,E
650,846900.ETR,I
651,846901.ETR,I
652,965339.ETR,I
653,966029.ETR,I
654,846997.ETR,I
655,965338.ETR,I
656,966028.ETR,I
657,854618.ETR,E
658,940936.ETR,E
659,966022.ETR,I
660,966034.ETR,I
661,894298.ETR,E
662,966042.ETR,I
663,645000.ETR,E
664,ACOMO.NL,E
665,GOJXN.NL,E
666,AMX.NL,I
667,ASCX.NL,I
668,AAX.NL,I
669,N150.FR,I
670,N100.FR,I
671,794796.ETR,E
672,CACT.FR,I
673,910509.ETR,E
674,764959.ETR,E
675,MTU.FR,E
676,852789.ETR,E
677,ACA.FR,E
678,785602.ETR,E
679,529498.ETR,E
680,DKUPL.FR,E
681,ALCOI.FR,E
682,KPN.NL,E
683,890963.ETR,E
684,MALT.FR,E
685,GUI.FR,E
686,INF.FR,E
687,ALPRI.FR,E
688,NRO.FR,E
689,ALKEY.FR,E
690,ESI.FR,E
691,ELEC.FR,E
692,IMDA.FR,E
693,FAYE.FR,E
694,ROTH.FR,E
695,EOS.FR,E
696,MLTRA.FR,E
697,GALIM.FR,E
698,MLPLC.FR,E
699,MLTRO.FR,E
700,AXESC.FR,E
701,AXDOI.FR,E
702,AXEUB.FR,E
703,AXEUO.FR,E
704,AXGHY.FR,E
705,ALTA.FR,E
706,PSAT.FR,E
707,ALGEV.FR,E
708,CTRG.FR,E
709,ALBDM.FR,E
710,ALEXA.FR,E
711,MLHBB.FR,E
712,IDIP.FR,E
713,AAA.FR,E
714,UNBL.FR,E
715,BLC.FR,E
716,EURS.FR,E
717,EIFF.FR,E
718,AREIT.FR,E
719,ALNSC.FR,E
720,ICAD.FR,E
721,FIPP.FR,E
722,MLROU.FR,E
723,MLSTR.FR,E
724,MLSRP.FR,E
725,TAYN.FR,E
726,MLCFD.FR,E
727,MLDYN.FR,E
728,MLEDR.FR,E
729,MLGAI.FR,E
730,ALFBA.FR,E
731,MLHOT.FR,E
732,ADVI.FR,E
733,CROS.FR,E
734,SPEL.FR,E
735,BERR.FR,E
736,ACAN.FR,E
737,COV.FR,E
738,MLCVG.FR,E
739,CARP.FR,E
740,SABE.FR,E
741,SLCO.FR,E
742,DPAM.FR,E
743,ALORA.FR,E
744,ORIA.FR,E
745,GJAJ.FR,E
746,SAMS.FR,E
747,ALLHB.FR,E
748,EFI.FR,E
749,ALLUX.FR,E
750,COUR.FR,E
751,PERR.FR,E
752,AUGR.FR,E
753,MLZAM.FR,E
754,FCMC.FR,E
755,ALGIR.FR,E
756,MLCMB.FR,E
757,MLPRI.FR,E
758,ABIO.FR,E
759,INFE.FR,E
760,GRVO.FR,E
761,ALDEV.FR,E
762,SACI.FR,E
763,COVH.FR,E
764,BLEE.FR,E
765,BEVER.NL,E
766,MLIMP.FR,E
767,CHSR.FR,E
768,CBE.FR,E
769,BRILL.NL,E
770,HUNDP.NL,E
771,GREV.FR,E
772,PORF.NL,E
773,NEDAP.NL,E
774,NEWAY.NL,E
775,917523.ETR,E
776,VRAP.FR,E
777,541867.ETR,E
778,851745.ETR,E
779,928624.ETR,E
780,912029.ETR,E
781,932798.ETR,E
782,812861.ETR,E
783,930124.ETR,E
784,871918.ETR,E
785,869561.ETR,E
786,766149.ETR,E
787,716460.ETR,E
788,ALLAN.FR,E
789,850403.ETR,E
790,BON.FR,E
791,541561.ETR,E
792,909190.ETR,E
793,XIL.FR,E
794,552484.ETR,E
795,BOL.FR,E
796,PEUG.FR,E
797,SCHP.FR,E
798,TRI.FR,E
799,VAC.FR,E
800,PIG.FR,E
801,NRG.FR,E
802,LSS.FR,E
803,633835.ETR,E
804,ORP.FR,E
805,ALJXR.FR,E
806,540811.ETR,E
807,857760.ETR,E
808,ERA.FR,E
809,659990.ETR,E
810,540868.ETR,E
811,575302.ETR,E
812,540888.ETR,E
813,EC.FR,E
814,IRD.FR,E
815,ALBI.FR,E
816,CDA.FR,E
817,SBT.FR,E
818,ALRGR.FR,E
819,854566.ETR,E
820,662541.ETR,E
821,157484.ETR,E
822,663244.ETR,E
823,200417.ETR,E
824,813516.ETR,E
825,252092.ETR,E
826,ALDBL.FR,E
827,CBDG.FR,E
828,FINM.FR,E
829,ALIDS.FR,E
830,GOE.FR,E
831,ODET.FR,E
832,FAUV.FR,E
833,MRM.FR,E
834,TIPI.FR,E
835,AKW.FR,E
836,MONC.FR,E
837,LBON.FR,E
838,ITXT.FR,E
839,ALTAN.FR,E
840,LACR.FR,E
841,TVRB.FR,E
842,ALPJT.FR,E
843,ORAP.FR,E
844,720327.ETR,I
845,720328.ETR,I
846,ALHRG.FR,E
847,720332.ETR,I
848,720333.ETR,I
849,720334.ETR,I
850,720335.ETR,I
851,723842.ETR,I
852,723843.ETR,I
853,723844.ETR,I
854,723845.ETR,I
855,723823.ETR,I
856,723824.ETR,I
857,723825.ETR,I
858,723836.ETR,I
859,723837.ETR,I
860,723808.ETR,I
861,723809.ETR,I
862,723812.ETR,I
863,723813.ETR,I
864,723814.ETR,I
865,723815.ETR,I
866,723816.ETR,I
867,723817.ETR,I
868,723818.ETR,I
869,723819.ETR,I
870,723820.ETR,I
871,723821.ETR,I
872,723822.ETR,I
873,723796.ETR,I
874,723797.ETR,I
875,723798.ETR,I
876,723799.ETR,I
877,723800.ETR,I
878,723801.ETR,I
879,723802.ETR,I
880,720389.ETR,I
881,720398.ETR,I
882,723780.ETR,I
883,720382.ETR,I
884,720391.ETR,I
885,720397.ETR,I
886,723782.ETR,I
887,723803.ETR,I
888,720396.ETR,I
889,720399.ETR,I
890,723781.ETR,I
891,723783.ETR,I
892,720366.ETR,I
893,720357.ETR,I
894,720336.ETR,I
895,720339.ETR,I
896,720365.ETR,I
897,720356.ETR,I
898,720338.ETR,I
899,720378.ETR,I
900,720379.ETR,I
901,720381.ETR,I
902,720337.ETR,I
903,120071.ETR,E
904,120471.ETR,E
905,AXECP.FR,E
906,AXOI.FR,E
907,694280.ETR,E
908,357818.ETR,E
909,A0BLR4.ETR,E
910,ASP.FR,E
911,MLCNT.FR,E
912,MLDAM.FR,E
913,MLCOR.FR,E
914,ALHIO.FR,E
915,MLHYE.FR,E
916,ALU10.FR,E
917,MLNEO.FR,E
918,ALSER.FR,E
919,MLVER.FR,E
920,MLARD.FR,E
921,MLATV.FR,E
922,BUR.FR,E
923,CEN.FR,E
924,CIB.FR,E
925,ALDAR.FR,E
926,ALDUB.FR,E
927,EGR.FR,E
928,DPT.FR,E
929,EDI.FR,E
930,EEM.FR,E
931,ALEMG.FR,E
932,EXE.FR,E
933,ALFLE.FR,E
934,FPG.FR,E
935,ABCA.FR,E
936,ALADA.FR,E
937,ARTO.FR,E
938,ATI.FR,E
939,AURE.FR,E
940,ALADV.FR,E
941,BEN.FR,E
942,BIG.FR,E
943,ALBOU.FR,E
944,COM.FR,E
945,FOAF.FR,E
946,GEA.FR,E
947,ALGEC.FR,E
948,GLO.FR,E
949,HDP.FR,E
950,JCQ.FR,E
951,ALINN.FR,E
952,ITP.FR,E
953,KOF.FR,E
954,LAT.FR,E
955,ALLDL.FR,E
956,MAN.FR,E
957,MAU.FR,E
958,ALMAK.FR,E
959,HEXA.FR,E
960,CBSM.FR,E
961,ALMRB.FR,E
962,OPN.FR,E
963,PCA.FR,E
964,POM.FR,E
965,HOP.FR,E
966,RBT.FR,E
967,RIN.FR,E
968,SDG.FR,E
969,SOG.FR,E
970,STF.FR,E
971,TES.FR,E
972,TOUP.FR,E
973,UFF.FR,E
974,VCT.FR,E
975,MLCAC.FR,E
976,MLCOU.FR,E
977,MLEDS.FR,E
978,MLGRC.FR,E
979,MLREX.FR,E
980,MLHIN.FR,E
981,MLHMC.FR,E
982,MLHOP.FR,E
983,MLHYD.FR,E
984,MLIPP.FR,E
985,MLMAB.FR,E
986,MLPAC.FR,E
987,ALSAS.FR,E
988,MLTEA.FR,E
989,MLUMH.FR,E
990,MLVIS.FR,E
991,ALIVA.FR,E
992,A0CBCK.ETR,E
993,A0AER0.ETR,I
994,A0AER1.ETR,I
995,A0B57L.ETR,E
996,A0B87V.ETR,E
997,A0BVU2.ETR,E
998,EAS2P.NL,E
999,576550.ETR,E
1000,NXI.FR,E
1001,587484.ETR,E
1002,A0B897.ETR,E
1003,A0DK9X.ETR,E
1004,A0DM94.ETR,E
1005,785747.ETR,E
1006,A0B8S2.ETR,E
1007,ARDO.FR,E
1008,BNPAQ.FR,E
1009,CBR.FR,E
1010,CLP.FR,E
1011,EBPF.FR,E
1012,FORE.FR,E
1013,MLONE.FR,E
1014,MLIML.FR,E
1015,PUBBS.FR,E
1016,RNL.FR,E
1017,SGP.FR,E
1018,SMTPC.FR,E
1019,INCAC.FR,I
1020,INDJE.FR,I
1021,INEUN.NL,I
1022,INIBC.NL,I
1023,TPB.FR,E
1024,INBEL.FR,I
1025,INEEE.FR,I
1026,SIIC.FR,I
1027,INDIA.NL,I
1028,INERO.FR,I
1029,INEUE.NL,I
1030,INISF.NL,I
1031,INIUS.NL,I
1032,INMFE.FR,I
1033,INMGT.FR,I
1034,INMSE.FR,I
1035,INMTB.FR,I
1036,INMTE.FR,I
1037,INMTX.FR,I
1038,INSTK.FR,I
1039,INSTN.FR,I
1040,INSTP.FR,I
1041,INSTS.FR,I
1042,INSTQ.FR,I
1043,INSTT.FR,I
1044,INSTU.FR,I
1045,INSTR.FR,I
1046,INSTW.FR,I
1047,INSTZ.FR,I
1048,INUST.FR,I
1049,E100.NL,I
1050,EF80.NL,I
1051,EFC1.NL,I
1052,A0DNAY.ETR,E
1053,576002.ETR,E
1054,PAX.FR,I
1055,CN20.FR,I
1056,CACMD.FR,I
1057,547040.ETR,E
1058,CAFO.FR,E
1059,MLERO.FR,E
1060,CACMS.FR,I
1061,A0B65S.ETR,E
1062,A0DPTB.ETR,E
1063,A0DNCY.ETR,E
1064,MLEVE.FR,E
1065,ALLOG.FR,E
1066,ALENR.FR,E
1067,LEBL.FR,E
1068,MLIDS.FR,E
1069,MLPFX.FR,E
1070,SWP.FR,E
1071,MLLOI.FR,E
1072,MLNOV.FR,E
1073,MLPHW.FR,E
1074,A0C33C.ETR,I
1075,A0C33D.ETR,I
1076,INDJS.NL,I
1077,INFXC.NL,I
1078,INDJM.NL,I
1079,INIJP.NL,I
1080,INC40.FR,I
1081,INE40.FR,I
1082,A0D655.ETR,E
1083,A0D9SU.ETR,E
1084,A0D9T1.ETR,E
1085,INVAL.FR,I
1086,INGWT.FR,I
1087,INMMS.FR,I
1088,AKA.FR,E
1089,A0D9U6.ETR,E
1090,GLPG.NL,E
1091,A0EAT9.ETR,E
1092,INMTI.FR,I
1093,CATG.FR,E
1094,CBOT.FR,E
1095,A0D9PT.ETR,E
1096,A0ET4X.ETR,E
1097,A0ET46.ETR,E
1098,661830.ETR,E
1099,A0B9VV.ETR,E
1100,INSMC.FR,I
1101,A0C4BU.ETR,I
1102,A0C4BV.ETR,I
1103,783078.ETR,E
1104,ALBLD.FR,E
1105,TUAG00.ETR,E
1106,ENGI.FR,E
1107,A0ER6Q.ETR,E
1108,ALPLA.FR,E
1109,GPE.FR,E
1110,ALFRE.FR,E
1111,SFCA.FR,E
1112,A0ER6S.ETR,E
1113,RDSB.NL,E
1114,RDSA.NL,E
1115,A0D94M.ETR,E
1116,INASI.FR,I
1117,INCEC.FR,I
1118,ALO.FR,E
1119,A0F7BK.ETR,E
1120,AXERE.FR,E
1121,A0F5UQ.ETR,E
1122,DSM.NL,E
1123,A0JLZ7.ETR,E
1124,ALBFR.FR,E
1125,AXEMB.FR,E
1126,121806.ETR,E
1127,164456.ETR,E
1128,260555.ETR,E
1129,511170.ETR,E
1130,514680.ETR,E
1131,516810.ETR,E
1132,518160.ETR,E
1133,520160.ETR,E
1134,520230.ETR,E
1135,520394.ETR,E
1136,520958.ETR,E
1137,521830.ETR,E
1138,547930.ETR,E
1139,549227.ETR,E
1140,549336.ETR,E
1141,549416.ETR,E
1142,555060.ETR,E
1143,575198.ETR,E
1144,585434.ETR,E
1145,585969.ETR,E
1146,593273.ETR,E
1147,SX.FR,E
1148,604611.ETR,E
1149,606110.ETR,E
1150,606214.ETR,E
1151,608340.ETR,E
1152,620458.ETR,E
1153,622340.ETR,E
1154,628656.ETR,E
1155,645932.ETR,E
1156,663668.ETR,E
1157,657710.ETR,E
1158,697250.ETR,E
1159,749399.ETR,E
1160,MAREL.NL,E
1161,756857.ETR,E
1162,757142.ETR,E
1163,761210.ETR,E
1164,783057.ETR,E
1165,784686.ETR,E
1166,813135.ETR,E
1167,873131.ETR,E
1168,A0B9N3.ETR,E
1169,A0BL84.ETR,E
1170,A0C4B3.ETR,I
1171,A0C4BW.ETR,I
1172,A0C4BX.ETR,I
1173,A0C4BY.ETR,I
1174,A0C4C0.ETR,I
1175,A0C4C1.ETR,I
1176,A0C4CA.ETR,I
1177,A0C4CB.ETR,I
1178,A0C4CC.ETR,I
1179,A0C4CD.ETR,I
1180,A0C4CE.ETR,I
1181,A0C4CG.ETR,I
1182,A0C4CH.ETR,I
1183,A0C4CJ.ETR,I
1184,A0C4CK.ETR,I
1185,A0C4CN.ETR,I
1186,A0C4CP.ETR,I
1187,A0C4CQ.ETR,I
1188,A0C4CR.ETR,I
1189,A0C4CS.ETR,I
1190,A0C4CT.ETR,I
1191,A0C4CW.ETR,I
1192,A0C4CX.ETR,I
1193,A0C4CY.ETR,I
1194,A0C4CZ.ETR,I
1195,A0DJ6J.ETR,E
1196,A0DPRE.ETR,E
1197,A0EQ57.ETR,E
1198,A0ETBQ.ETR,E
1199,INMTA.FR,I
1200,A0F55S.ETR,E
1201,MERY.FR,E
1202,A0HGDX.ETR,E
1203,A0HGF5.ETR,E
1204,A0HGWX.ETR,E
1205,ETL.FR,E
1206,A0F5CC.ETR,E
1207,A0HL4V.ETR,E
1208,EDF.FR,E
1209,A0HG6A.ETR,E
1210,INJPN.FR,I
1211,A0JBPG.ETR,E
1212,A0HL9Z.ETR,E
1213,A0HHJR.ETR,E
1214,INIDY.NL,I
1215,INISG.NL,I
1216,INIWD.NL,I
1217,INIEE.NL,I
1218,INIEM.NL,I
1219,INIBI.NL,I
1220,INITW.NL,I
1221,INIFE.NL,I
1222,INIAX.NL,I
1223,INIPP.NL,I
1224,INIKR.NL,I
1225,INIBZ.NL,I
1226,NLBM.NL,I
1227,NLCG.NL,I
1228,NLHC.NL,I
1229,NLOG.NL,I
1230,NLIN.NL,I
1231,NLFIN.NL,I
1232,NLTEC.NL,I
1233,NLCS.NL,I
1234,NLTEL.NL,I
1235,FRHC.FR,I
1236,FRIN.FR,I
1237,FRUT.FR,I
1238,FRCG.FR,I
1239,FRBM.FR,I
1240,FRTEL.FR,I
1241,FRCS.FR,I
1242,FRFIN.FR,I
1243,FROG.FR,I
1244,FRTEC.FR,I
1245,IPN.FR,E
1246,ALONX.FR,E
1247,A0HGQS.ETR,E
1248,PAR.FR,E
1249,A0HNLY.ETR,E
1250,AJAX.NL,E
1251,A0H0VZ.ETR,E
1252,INMEU.FR,I
1253,ALTEV.FR,E
1254,A0ESP5.ETR,E
1255,SESL.FR,E
1256,ALCLA.FR,E
1257,A0H1FP.ETR,E
1258,ALMIL.FR,E
1259,INCRB.FR,I
1260,A0JDRR.ETR,E
1261,MEMS.FR,E
1262,PAT1AG.ETR,E
1263,VTR.FR,E
1264,ALTVO.FR,E
1265,WCH888.ETR,E
1266,INUSA.FR,I
1267,LR.FR,E
1268,MLHPE.FR,E
1269,ALPRO.FR,E
1270,ALNXT.FR,E
1271,A0JKWU.ETR,E
1272,A0G9JK.ETR,E
1273,INAEJ.FR,I
1274,INWLD.FR,I
1275,BAMNB.NL,E
1276,A0JJTG.ETR,E
1277,A0JMQL.ETR,E
1278,A0JLPR.ETR,E
1279,ALMAS.FR,E
1280,MLSBT.FR,E
1281,ALVIA.FR,E
1282,A0JEJF.ETR,E
1283,A0JL4D.ETR,E
1284,AKE.FR,E
1285,A0JMVJ.ETR,E
1286,A0F602.ETR,E
1287,A0JML5.ETR,E
1288,WKL.NL,E
1289,ORANW.NL,E
1290,SBMO.NL,E
1291,LNA.FR,E
1292,INLQD.NL,I
1293,IAM.FR,E
1294,ADP.FR,E
1295,ALOBR.FR,E
1296,ALAQU.FR,E
1297,A0H52F.ETR,E
1298,KC0100.ETR,E
1299,A0JK2A.ETR,E
1300,INRUS.FR,I
1301,PARRO.FR,E
1302,WACK01.ETR,E
1303,MLMAD.FR,E
1304,INLQQ.FR,I
1306,ALATF.FR,E
1307,ALVDM.FR,E
1308,ALMDG.FR,E
1309,INAPD.NL,I
1310,INBGS.NL,I
1311,INBTS.NL,I
1312,INEUX.NL,I
1313,INNAA.NL,I
1314,MLNEI.FR,E
1315,INCRN.FR,I
1316,A0KEQF.ETR,E
1317,ALASI.FR,I
1318,INAUT.FR,I
1319,INFIN.FR,I
1320,INFOO.FR,I
1321,INHLT.FR,I
1322,ININD.FR,I
1323,ININS.FR,I
1324,INMDA.FR,I
1325,INPHG.FR,I
1326,INTNO.FR,I
1327,AXGRE.FR,E
1328,INBNK.FR,I
1329,INBRE.FR,I
1330,INCHM.FR,I
1331,INCST.FR,I
1332,INRTA.FR,I
1333,INTEL.FR,I
1334,INTRV.FR,I
1335,INTUR.FR,I
1336,INUTI.FR,I
1337,A0JC8S.ETR,E
1338,INEEP.FR,I
1339,A0JQ5U.ETR,E
1340,A0LAUP.ETR,E
1341,ALBUD.FR,E
1342,A0LA17.ETR,E
1343,A0LBCR.ETR,E
1344,A0LDA7.ETR,E
1345,INHSI.FR,I
1346,INKRW.FR,I
1347,A0JL9W.ETR,E
1348,SELER.FR,E
1349,A0JM2M.ETR,E
1350,ALSIM.FR,E
1351,ALTTI.FR,E
1352,A0KD0F.ETR,E
1353,A0KFKH.ETR,E
1354,A0LCTL.ETR,E
1355,ALNSE.FR,E
1356,IPH.FR,E
1357,ININR.FR,I
1358,INOIL.FR,I
1359,INSEL.FR,I
1360,BGHL.NL,E
1361,BASS.FR,E
1362,A0LEKM.ETR,E
1363,FPH900.ETR,E
1364,VETO.FR,E
1365,A0KPPR.ETR,E
1366,ALMGI.FR,E
1367,A0HNF9.ETR,E
1368,A0JC0V.ETR,E
1369,BBED.NL,E
1370,A0KFKB.ETR,E
1371,A0KFRJ.ETR,E
1372,A0KF6M.ETR,E
1373,A0LBKW.ETR,E
1374,A0LCN9.ETR,E
1375,KORI.FR,E
1376,SYM999.ETR,E
1377,ALHIT.FR,E
1378,ALTUR.FR,E
1379,A0LHKJ.ETR,E
1380,ALTRI.FR,E
1381,A0LLPU.ETR,I
1382,A0LLPV.ETR,I
1383,A0LLPW.ETR,I
1384,A0LLPX.ETR,I
1385,A0LLPY.ETR,I
1386,A0LLPZ.ETR,I
1387,A0LLP7.ETR,I
1388,A0LLP0.ETR,I
1389,A0LLP8.ETR,I
1390,A0LLQB.ETR,I
1391,A0LLQC.ETR,I
1392,A0LLQF.ETR,I
1393,A0LLQG.ETR,I
1394,YATRA.NL,E
1395,INEA.FR,E
1396,A0LF18.ETR,E
1397,ALDLS.FR,E
1398,A0LGD8.ETR,E
1399,NCEU.FR,E
1400,VTA.NL,E
1401,GNFT.FR,E
1402,PROL.FR,E
1403,A0KFUJ.ETR,E
1404,SCR.FR,E
1405,A0LGV4.ETR,E
1406,ALUPG.FR,E
1407,A0MEKV.ETR,E
1408,A0MEKW.ETR,E
1409,A0MEKX.ETR,E
1410,A0MEKY.ETR,E
1411,A0MEKZ.ETR,E
1412,A0MEK9.ETR,E
1413,A0MELK.ETR,E
1414,INGRE.FR,I
1415,AXUHY.FR,E
1416,AXHEA.FR,E
1417,INIAS.NL,I
1418,ININF.NL,I
1419,INITK.NL,I
1420,INUSP.NL,I
1421,INBX4.FR,I
1422,INWDP.NL,I
1423,A0MEM2.ETR,I
1424,A0MEM3.ETR,I
1425,A0MEM6.ETR,I
1426,A0MEM7.ETR,I
1427,A0MENA.ETR,I
1428,A0MENB.ETR,I
1429,A0MENE.ETR,I
1430,A0MENF.ETR,I
1431,A0MENN.ETR,I
1432,A0MENP.ETR,I
1433,A0MEPE.ETR,I
1434,A0MEPF.ETR,I
1435,INPHI.NL,E
1436,INMTC.FR,I
1437,INMTD.FR,I
1438,INRIO.FR,I
1439,OLG.FR,E
1440,A0LD2U.ETR,E
1441,ALENT.FR,E
1442,A0KEXC.ETR,E
1443,ALANT.FR,E
1444,ALCLS.FR,E
1445,A0MESY.ETR,I
1446,A0MESZ.ETR,I
1447,A0MES0.ETR,I
1448,A0MES1.ETR,I
1449,A0LR4P.ETR,E
1450,A0MK44.ETR,E
1451,MLEDU.FR,E
1452,A0MLX4.ETR,E
1453,ALFIL.FR,E
1454,INDAX.FR,I
1455,INLVD.FR,I
1456,REITE.FR,I
1457,ALDNX.FR,E
1458,RXL.FR,E
1459,NSME.FR,E
1460,A0MEN5.ETR,I
1461,A0MEN9.ETR,I
1462,A0MEN8.ETR,I
1463,METEX.FR,E
1464,INTPS.NL,I
1465,INBGL.NL,I
1466,INBGM.NL,I
1467,INBGX.NL,I
1468,INBSX.FR,I
1469,INBTM.NL,I
1470,INBXX.FR,I
1471,SLIGR.NL,E
1472,TFG.NL,E
1473,A0LR93.ETR,E
1474,MLCHE.FR,E
1475,ALADM.FR,E
1476,A0LD6E.ETR,E
1477,A0MQV8.ETR,E
1478,ALGEN.FR,E
1479,A0MEQB.ETR,E
1480,A0MEP6.ETR,E
1481,A0MEP1.ETR,E
1482,A0MEPW.ETR,E
1483,A0MEPV.ETR,E
1484,A0MEPU.ETR,E
1485,A0MEPS.ETR,E
1486,A0MEPR.ETR,E
1487,A0MEQW.ETR,E
1488,A0MEXN.ETR,E
1489,A0MEXM.ETR,E
1490,A0MEQV.ETR,E
1491,A0MEXQ.ETR,E
1492,A0MEXP.ETR,E
1493,A0MEQS.ETR,E
1494,A0MEQP.ETR,E
1495,A0MEQR.ETR,E
1496,A0MEQQ.ETR,E
1497,A0MEQE.ETR,E
1498,HOLCO.NL,E
1499,TWEKA.NL,E
1500,KENDR.NL,E
1501,INPRV.NL,I
1502,MLBAT.FR,E
1503,A0METN.ETR,I
1504,A0METM.ETR,I
1505,AALB.NL,E
1506,A0METL.ETR,I
1507,A0METK.ETR,I
1508,BOKA.NL,E
1509,A0MEPL.ETR,E
1510,A0MEPM.ETR,E
1511,A0MEPN.ETR,E
1512,A0MEPP.ETR,E
1513,A0MEPQ.ETR,E
1514,A0ME7B.ETR,I
1515,A0ME7A.ETR,I
1516,A0MEPT.ETR,E
1517,ALEO2.FR,E
1518,A0MSN1.ETR,E
1519,A0MEUC.ETR,I
1520,A0MEUB.ETR,I
1521,A0MET0.ETR,I
1522,A0METZ.ETR,I
1523,A0MEPX.ETR,E
1524,A0MEPY.ETR,E
1525,A0MEPZ.ETR,E
1526,A0MEP0.ETR,E
1527,A0MEP2.ETR,E
1528,A0MEP3.ETR,E
1529,A0MEP4.ETR,E
1530,A0ME7U.ETR,I
1531,A0ME7T.ETR,I
1532,A0ME7G.ETR,I
1533,A0ME7F.ETR,I
1534,A0MEP5.ETR,E
1535,A0MS7Y.ETR,E
1536,A0MEP8.ETR,E
1537,A0MEP9.ETR,E
1538,A0MEQA.ETR,E
1539,A0MEQC.ETR,E
1540,A0MUES.ETR,E
1541,ALVER.FR,E
1542,A0MSY7.ETR,E
1543,INLEM.FR,I
1544,INLVE.FR,I
1545,INLTM.FR,I
1546,A0QY1X.ETR,I
1547,A0QY1W.ETR,I
1548,A0QY1V.ETR,I
1549,A0QY1U.ETR,I
1550,A0HGQF.ETR,E
1551,MLFXO.FR,E
1552,ARG.FR,E
1553,INECB.FR,I
1554,INMTF.FR,I
1555,A0MVLS.ETR,E
1556,ALFPC.FR,E
1557,A0QY71.ETR,E
1558,A0QY7Y.ETR,E
1559,A0QY7X.ETR,E
1560,A0QY70.ETR,E
1561,A0QY7Z.ETR,E
1562,VLA.FR,E
1563,A0MVJZ.ETR,E
1564,A0MVKA.ETR,E
1565,A0MUKL.ETR,E
1566,ECP.FR,E
1567,AMG.NL,E
1568,A0QY6A.ETR,I
1569,A0QY59.ETR,I
1570,A0HL8N.ETR,E
1571,A0MW32.ETR,E
1572,A0MXBY.ETR,E
1573,ALALO.FR,E
1574,MLNMA.FR,E
1575,A0TGJ5.ETR,E
1576,GENX.FR,E
1577,A0S29T.ETR,I
1578,A0S29U.ETR,I
1579,A0S29V.ETR,I
1580,A0S29W.ETR,I
1581,A0S29Y.ETR,I
1582,A0S290.ETR,I
1583,A0S291.ETR,I
1584,A0S3AQ.ETR,I
1585,A0S3AR.ETR,I
1586,A0S3AS.ETR,I
1587,A0S3AT.ETR,I
1588,A0S3BG.ETR,I
1589,A0S3BJ.ETR,I
1590,A0S3CA.ETR,I
1591,A0S3CB.ETR,I
1592,A0S3CG.ETR,I
1593,A0S3CH.ETR,I
1594,A0S3CU.ETR,I
1595,A0S3CV.ETR,I
1596,A0S3DQ.ETR,I
1597,A0S3DR.ETR,I
1598,A0S3DS.ETR,I
1599,A0S3DT.ETR,I
1600,A0S3DU.ETR,I
1601,A0S3DV.ETR,I
1602,A0S3D9.ETR,I
1603,A0S3EB.ETR,I
1604,A0S3ED.ETR,I
1605,A0S3E0.ETR,I
1606,A0S3E2.ETR,I
1607,A0S3E5.ETR,I
1608,A0S3E8.ETR,I
1609,A0S3FC.ETR,I
1610,A0S3FF.ETR,I
1611,A0S3E6.ETR,I
1612,A0S3E9.ETR,I
1613,A0S3FD.ETR,I
1614,A0S3FG.ETR,I
1615,A0S3FJ.ETR,I
1616,A0S3E4.ETR,I
1617,A0S3E7.ETR,I
1618,A0S3FB.ETR,I
1619,A0S3FE.ETR,I
1620,A0S3FH.ETR,I
1621,A0MYC8.ETR,E
1622,A0S3AV.ETR,I
1623,A0QY7R.ETR,E
1624,A0QY7P.ETR,E
1625,A0QY7C.ETR,E
1626,A0QY7B.ETR,E
1627,A0MEYS.ETR,E
1628,A0MEYQ.ETR,E
1629,A0MEYP.ETR,E
1630,A0MEYN.ETR,E
1631,A0MEYM.ETR,E
1632,A0QY6X.ETR,E
1633,A0MEYE.ETR,E
1634,A0MEYD.ETR,E
1635,A0MEYA.ETR,E
1636,A0MEYB.ETR,E
1637,A0MEX9.ETR,E
1638,A0MEX8.ETR,E
1639,A0MEX7.ETR,E
1640,A0MEYH.ETR,E
1641,A0MEYG.ETR,E
1642,A0MEYF.ETR,E
1643,A0MEX6.ETR,E
1644,A0MEX4.ETR,E
1645,A0MEX5.ETR,E
1646,A0MEX3.ETR,E
1647,A0MEX2.ETR,E
1648,A0MEX0.ETR,E
1649,A0MEX1.ETR,E
1650,A0MEXX.ETR,E
1651,A0MEXY.ETR,E
1652,A0MEXV.ETR,E
1653,A0MEXW.ETR,E
1654,A0MEXU.ETR,E
1655,A0MEXZ.ETR,E
1656,A0MEXS.ETR,E
1657,A0MEXT.ETR,E
1658,A0MEXR.ETR,E
1659,A0MYNP.ETR,E
1660,A0LBFE.ETR,E
1661,A0MZ4B.ETR,E
1662,INIME.NL,I
1663,INBRI.NL,I
1664,MLEAS.FR,E
1665,A0M9BA.ETR,E
1666,INCSH.FR,I
1667,MLETA.FR,E
1668,A0S848.ETR,E
1669,A0M46B.ETR,E
1670,BVI.FR,E
1671,INNRJ.FR,I
1672,INWAT.FR,I
1673,ALI2S.FR,E
1674,A0M530.ETR,E
1675,A0M1W6.ETR,E
1676,AXHUM.FR,E
1677,GET.FR,E
1678,MLPVG.FR,E
1679,A0M63R.ETR,E
1680,MLEAV.FR,E
1681,ALSTW.FR,E
1682,TBIRD.NL,E
1683,A0QY9K.ETR,E
1684,ALHYG.FR,E
1685,A0SYTQ.ETR,E
1686,A0SYTW.ETR,E
1687,A0SM4Z.ETR,I
1688,A0SM40.ETR,I
1689,A0SM41.ETR,I
1690,A0SM42.ETR,I
1691,A0SM43.ETR,I
1692,A0SM44.ETR,I
1693,A0SM45.ETR,I
1694,A0SM46.ETR,I
1695,A0SM47.ETR,I
1696,A0SM48.ETR,I
1697,A0SM49.ETR,I
1698,A0SM5D.ETR,I
1699,A0SM5E.ETR,I
1700,A0SM5F.ETR,I
1701,A0SM5G.ETR,I
1702,A0SM5K.ETR,I
1703,A0SM5L.ETR,I
1704,A0SM5N.ETR,I
1705,A0SM5S.ETR,I
1706,A0SM5T.ETR,I
1707,A0SM5U.ETR,I
1708,A0SM5V.ETR,I
1709,A0SM5X.ETR,I
1710,A0SM5Y.ETR,I
1711,A0SM5Z.ETR,I
1712,A0SM50.ETR,I
1713,A0SM51.ETR,I
1714,A0SM52.ETR,I
1715,A0SM53.ETR,I
1716,A0SM54.ETR,I
1717,A0SM56.ETR,I
1718,A0SM59.ETR,I
1719,A0SM6E.ETR,I
1720,A0SM6F.ETR,I
1721,A0SM6H.ETR,I
1722,A0SM6L.ETR,I
1723,A0SM6Q.ETR,I
1724,A0SM6S.ETR,I
1725,A0SM6T.ETR,I
1726,A0SM6U.ETR,I
1727,A0SM6V.ETR,I
1728,A0SM6Y.ETR,I
1729,A0SM61.ETR,I
1730,A0SM62.ETR,I
1731,A0SM65.ETR,I
1732,A0SM68.ETR,I
1733,A0SM69.ETR,I
1734,A0SM7M.ETR,I
1735,A0SM7N.ETR,I
1736,A0SM7P.ETR,I
1737,A0SM7Q.ETR,I
1738,A0SM7R.ETR,I
1739,A0SM7S.ETR,I
1740,A0SM7T.ETR,I
1741,A0SM7U.ETR,I
1742,A0SM7V.ETR,I
1743,A0SM7W.ETR,I
1744,A0SM7X.ETR,I
1745,A0SM7Y.ETR,I
1746,A0SM7Z.ETR,I
1747,A0SM71.ETR,I
1748,A0SM72.ETR,I
1749,A0SM73.ETR,I
1750,A0SM74.ETR,I
1751,A0SM75.ETR,I
1752,A0SM76.ETR,I
1753,A0SM77.ETR,I
1754,A0SM79.ETR,I
1755,A0SM8B.ETR,I
1756,A0SM8C.ETR,I
1757,A0SM8D.ETR,I
1758,A0SM8E.ETR,I
1759,A0SM8H.ETR,I
1760,A0SM8J.ETR,I
1761,A0SM80.ETR,I
1762,A0SM81.ETR,I
1763,A0SM82.ETR,I
1764,A0SM84.ETR,I
1765,A0SM85.ETR,I
1766,A0SM86.ETR,I
1767,A0SM87.ETR,I
1768,A0SYTY.ETR,E
1769,AEXSH.NL,I
1770,AEXXB.NL,I
1771,AEXLV.NL,I
1772,MLMAT.FR,E
1773,CACLV.FR,I
1774,CACXB.FR,I
1775,CACSH.FR,I
1776,A0SM97.ETR,I
1777,A0SM96.ETR,I
1778,A0SM9F.ETR,I
1779,A0SM9J.ETR,I
1780,A0SM93.ETR,I
1781,A0SM9N.ETR,I
1782,A0SM9D.ETR,I
1783,A0SM9C.ETR,I
1784,A0SM8Z.ETR,I
1785,A0SM8X.ETR,I
1786,A0SM8T.ETR,I
1787,A0SM8S.ETR,I
1788,A0SM8R.ETR,I
1789,A0SM8W.ETR,I
1790,A0SM8V.ETR,I
1791,A0SM8Q.ETR,I
1792,A0SM8L.ETR,I
1793,A0SM9Z.ETR,I
1794,A0SM90.ETR,I
1795,A0SM9W.ETR,I
1796,A0SM9T.ETR,I
1797,A0SM9S.ETR,I
1798,A0SM9R.ETR,I
1799,A0SM9Q.ETR,I
1800,A0SNAE.ETR,I
1801,A0SNAD.ETR,I
1802,A0SNAC.ETR,I
1803,A0SNAB.ETR,I
1804,A0SNAA.ETR,I
1805,A0SNAH.ETR,I
1806,A0SNAF.ETR,I
1807,REN.NL,E
1808,A0M95J.ETR,E
1809,INPFT.FR,I
1810,INQQQ.FR,I
1811,INPEF.FR,I
1812,INPEH.FR,I
1813,INLTA.NL,I
1814,A0NBN0.ETR,E
1815,A0M93V.ETR,E
1816,A0S3LF.ETR,E
1817,A0S3LE.ETR,E
1818,A0S3LB.ETR,E
1819,A0S3LG.ETR,E
1820,A0S3K8.ETR,E
1821,A0S3K7.ETR,E
1822,A0S3K6.ETR,E
1823,A0S3K5.ETR,E
1824,A0S3K4.ETR,E
1825,A0S3K3.ETR,E
1826,A0S3K2.ETR,E
1827,A0S3K1.ETR,E
1828,A0S3KU.ETR,E
1829,A0S3LK.ETR,E
1830,A0S3K9.ETR,E
1831,A0S3K0.ETR,E
1832,A0S3KZ.ETR,E
1833,A0S3KX.ETR,E
1834,A0S3KW.ETR,E
1835,A0S3KV.ETR,E
1836,A0NC7B.ETR,E
1837,NSO1.FR,E
1838,A0NDBJ.ETR,E
1839,A0S3ME.ETR,E
1840,A0S3MD.ETR,E
1841,A0S3MC.ETR,E
1842,A0S3MB.ETR,E
1843,A0S3MA.ETR,E
1844,ATA.FR,E
1845,A0NFQC.ETR,E
1846,INTWN.FR,I
1847,LSIL.NL,E
1848,ALROC.FR,E
1849,FREY.FR,E
1850,A0NHKR.ETR,E
1851,BIOTK.FR,I
1852,SSIL.NL,E
1853,SBUL.NL,E
1854,LBUL.NL,E
1855,A0NJ38.ETR,E
1856,A0NFN3.ETR,E
1857,OREGE.FR,E
1858,A0V8CD.ETR,E
1859,A0V8CN.ETR,E
1860,A0V8CX.ETR,E
1861,A0V8CY.ETR,E
1862,A0V8DE.ETR,E
1863,A0V8DF.ETR,E
1864,A0V8DG.ETR,E
1865,A0V8DH.ETR,E
1866,A0V8DK.ETR,E
1867,A0V8DL.ETR,E
1868,A0V8DM.ETR,E
1869,A0V8DN.ETR,E
1870,A0V8DP.ETR,E
1871,A0V8DQ.ETR,E
1872,A0V8JG.ETR,E
1873,A0V8JH.ETR,E
1874,A0V8JK.ETR,E
1875,A0V8JL.ETR,E
1876,A0V8JM.ETR,E
1877,A0V8JN.ETR,E
1878,A0V8JP.ETR,E
1879,A0V8JQ.ETR,E
1880,A0V8JR.ETR,E
1881,A0V8JS.ETR,E
1882,A0V8JT.ETR,E
1883,A0V8JU.ETR,E
1884,A0V8JV.ETR,E
1885,A0V8JW.ETR,E
1886,A0V8JX.ETR,E
1887,A0V8JY.ETR,E
1888,A0V8JZ.ETR,E
1889,A0V8J0.ETR,E
1890,A0V8J1.ETR,E
1891,A0V8J2.ETR,E
1892,A0V8J3.ETR,E
1893,A0V8J4.ETR,E
1894,A0V8J5.ETR,E
1895,A0V8J6.ETR,E
1896,A0V8J7.ETR,E
1897,A0V8J8.ETR,E
1898,A0V8J9.ETR,E
1899,A0V8KA.ETR,E
1900,A0V8KB.ETR,E
1901,A0V8KC.ETR,E
1902,A0V8KD.ETR,E
1903,A0V8KE.ETR,E
1904,A0V8KF.ETR,E
1905,A0V8KG.ETR,E
1906,A0V8KH.ETR,E
1907,A0V8KJ.ETR,E
1908,A0V8KK.ETR,E
1909,A0V8KL.ETR,E
1910,A0V8KM.ETR,E
1911,A0V8KN.ETR,E
1912,A0V8DV.ETR,E
1913,A0V8DW.ETR,E
1914,A0V8DX.ETR,E
1915,A0V8DY.ETR,E
1916,A0V8DZ.ETR,E
1917,A0V8D0.ETR,E
1918,A0V8FC.ETR,E
1919,A0V8FD.ETR,E
1920,A0V8FE.ETR,E
1921,A0V8FF.ETR,E
1922,A0V8FG.ETR,E
1923,A0V8FH.ETR,E
1924,A0V8FX.ETR,E
1925,A0V8FY.ETR,E
1926,A0V8FZ.ETR,E
1927,A0V8F1.ETR,E
1928,A0V8GC.ETR,E
1929,A0V8GE.ETR,E
1930,A0V8GJ.ETR,E
1931,A0V8GK.ETR,E
1932,A0V8GL.ETR,E
1933,A0V8GZ.ETR,E
1934,A0V8G2.ETR,E
1935,A0V8G5.ETR,E
1936,A0V8G8.ETR,E
1937,A0V8HG.ETR,E
1938,ARCAD.NL,E
1939,IN100.FR,I
1940,INMIB.FR,I
1941,INENG.FR,I
1942,MLABO.FR,E
1943,INCEM.FR,I
1944,INLVC.FR,I
1945,INSHC.FR,I
1946,A0Q4K4.ETR,E
1947,SEV.FR,E
1948,A0WMPJ.ETR,E
1949,A0V9LA.ETR,E
1950,PAH003.ETR,E
1951,BGHS.NL,E
1952,MLMTD.FR,E
1953,SMLBS.FR,E
1954,PX4NR.FR,I
1955,CACTN.FR,I
1956,PX1NR.FR,I
1957,CACTR.FR,I
1958,PX4GR.FR,I
1959,PX1GR.FR,I
1960,ENAG99.ETR,E
1961,A0XXAL.ETR,I
1962,REINA.NL,E
1963,A0XXDZ.ETR,I
1964,A0XXEA.ETR,I
1965,A0XYGA.ETR,E
1966,A0XYG7.ETR,E
1967,A0X7KR.ETR,I
1968,A0X7KV.ETR,I
1969,A0X7K1.ETR,I
1970,A0X7J3.ETR,I
1971,A0X7KL.ETR,I
1972,A0X7NT.ETR,I
1973,A0X7NZ.ETR,I
1974,A0Q90G.ETR,E
1975,A0Q90H.ETR,E
1976,A0Q90J.ETR,E
1977,INAUC.FR,I
1978,INRTW.FR,I
1979,INPAF.FR,I
1980,INCU1.FR,I
1981,INC50.FR,I
1982,INCN1.FR,I
1983,INCS1.FR,I
1984,INCF1.FR,I
1985,INCSW.FR,I
1986,INCMU.FR,I
1987,INCEU.FR,I
1988,INCG1.FR,I
1989,AXEUR.FR,E
1990,NSE3.FR,E
1991,NSVE.FR,E
1992,LC1NR.NL,I
1993,LC1GR.NL,I
1994,LC100.NL,I
1995,INPEU.FR,I
1996,MLECO.FR,E
1997,INECN.FR,I
1998,INAPX.FR,I
1999,MLJSA.FR,E
2000,INCB5.FR,I
2001,INCJ1.FR,I
2002,INCU2.FR,I
2003,INCH5.FR,I
2004,MLWEA.FR,E
2005,ALTLX.FR,E
2006,A0RENB.ETR,E
2007,ALTXC.FR,E
2008,A0SNAK.ETR,I
2009,A0SNAL.ETR,I
2010,A0SNAM.ETR,I
2011,A0L1NN.ETR,E
2012,A0RFZL.ETR,E
2013,A0XFWK.ETR,E
2014,A0YKTN.ETR,I
2015,A0YKTL.ETR,I
2016,A0YKX2.ETR,I
2017,A0YKTM.ETR,I
2018,A0YKTP.ETR,I
2019,INICO.NL,I
2020,MLCEC.FR,E
2021,INCV9.FR,I
2022,INCD9.FR,I
2023,INCE9.FR,I
2024,INCG9.FR,I
2025,INCC1.FR,I
2026,INCD8.FR,I
2027,INCI2.FR,I
2028,INCP9.FR,I
2029,INC4S.FR,I
2030,AEXGR.NL,I
2031,NAAA.FR,E
2032,NSMF.FR,E
2033,NFVJ.FR,E
2034,NCPE.FR,E
2035,A0XFSF.ETR,E
2036,INCRP.FR,I
2037,A0Z268.ETR,E
2038,A0X9LC.ETR,E
2039,DGB.NL,E
2040,INIGE.NL,I
2041,INIAC.NL,I
2042,INIAG.NL,I
2043,A0RNL2.ETR,E
2044,A0Z1JH.ETR,E
2045,A0Z3PZ.ETR,E
2046,A0Z3P0.ETR,E
2047,A0Z3P1.ETR,E
2048,A0Z3P2.ETR,E
2049,A0Z3P3.ETR,E
2050,A0Z3P4.ETR,E
2051,A0Z3H9.ETR,I
2052,A0Z3JB.ETR,I
2053,A0Z3JD.ETR,I
2054,A0Z3JF.ETR,I
2055,A0Z3JH.ETR,I
2056,AEXEW.NL,I
2057,CACEW.FR,I
2058,INCL2.FR,I
2059,INCC4.FR,I
2060,INCI3.FR,I
2061,INC53.FR,I
2062,INCB3.FR,I
2063,INC33.FR,I
2064,INCE8.FR,I
2065,INC10.FR,I
2066,INC5S.FR,I
2067,INCM9.FR,I
2068,INCW8.FR,I
2069,INC13.FR,I
2070,INC73.FR,I
2071,INC3M.FR,I
2072,A0X88Z.ETR,E
2073,DPA.NL,E
2074,ALMER.FR,E
2075,SGRO.FR,E
2076,BAY001.ETR,E
2077,A0X9EJ.ETR,E
2078,A0Z23Q.ETR,E
2079,A0STSQ.ETR,E
2080,MLAAE.FR,E
2081,ALPAT.FR,E
2082,INDS2.FR,I
2083,INDL2.FR,I
2084,ATRS.NL,E
2085,A0Z2Y4.ETR,E
2086,AXESD.FR,E
2087,A0Z2ZZ.ETR,E
2088,REITG.FR,I
2089,REITN.FR,I
2090,HEIJM.NL,E
2091,INC1U.FR,I
2092,INC2U.FR,I
2093,INC5E.FR,I
2094,INCWE.FR,I
2095,INC6E.FR,I
2096,INCWF.FR,I
2097,AEX2S.NL,I
2098,AEX3L.NL,I
2099,AEXDI.NL,I
2100,AEX3S.NL,I
2101,CAC2S.FR,I
2102,CACDI.FR,I
2103,A1A6V4.ETR,E
2104,ESP.NL,E
2105,AEXTL.NL,I
2106,CACTL.FR,I
2107,A0YCM4.ETR,E
2108,INEGY.NL,I
2109,INIMA.NL,I
2110,A1A6WE.ETR,E
2111,INIJA.NL,I
2112,INIEA.NL,I
2113,INIDA.NL,I
2114,INEGZ.NL,I
2115,MLWEY.FR,E
2116,MRK.FR,E
2117,A0YD8Q.ETR,E
2118,A0YEES.ETR,E
2119,A1A4BJ.ETR,E
2120,AXGOI.FR,E
2121,INCNB.FR,I
2122,INMAA.FR,I
2123,MLFTI.FR,E
2124,ALREW.FR,E
2125,EUJP.NL,E
2126,JPEU.NL,E
2127,A0S9R3.ETR,E
2128,CARM.FR,E
2129,MLMGL.FR,E
2130,INUKX.FR,I
2131,IN50E.FR,I
2132,A0YF5P.ETR,E
2133,INNTM.NL,I
2134,INDTM.NL,I
2135,INTDT.NL,I
2136,INTMX.NL,I
2137,INTOF.NL,I
2138,NCEB.FR,E
2139,NCBE.FR,E
2140,A1A4DP.ETR,E
2141,NEDSE.NL,E
2142,INCS9.FR,I
2143,INCU9.FR,I
2144,INBRZ.FR,I
2145,INMEH.FR,I
2146,INMWO.FR,I
2147,A0YJQ2.ETR,E
2148,AXEGB.FR,E
2149,CV.FR,E
2150,ALEUA.FR,E
2151,MLWEL.FR,E
2152,A1A4E4.ETR,E
2153,ALAGR.FR,E
2154,A0Z25L.ETR,E
2155,A1DAHH.ETR,E
2156,A1CTQA.ETR,E
2157,HYDRA.NL,E
2158,NAOIG.FR,I
2159,NAOIN.FR,I
2160,NAOII.FR,I
2161,A1A4FV.ETR,E
2162,A1A4FW.ETR,E
2163,A1CUXD.ETR,E
2164,ALNEV.FR,E
2165,A1A4KS.ETR,E
2166,A1A4KR.ETR,E
2167,A1A4KP.ETR,E
2168,A1A4KN.ETR,E
2169,A1A4KM.ETR,E
2170,A1A4KL.ETR,E
2171,A1A4KK.ETR,E
2172,A1A4KJ.ETR,E
2173,A1A4KH.ETR,E
2174,A1A4KG.ETR,E
2175,A1A4KF.ETR,E
2176,A1A4KE.ETR,E
2177,A1A4KD.ETR,E
2178,A1A4KC.ETR,E
2179,A1A4KA.ETR,E
2180,A1A4JY.ETR,E
2181,A1A4JX.ETR,E
2182,A1A4JR.ETR,E
2183,A1A4JQ.ETR,E
2184,A1A4JN.ETR,E
2185,A1A4JM.ETR,E
2186,A1A4JJ.ETR,E
2187,A1A4JH.ETR,E
2188,A1A4JF.ETR,E
2189,A1A4JE.ETR,E
2190,A1A4J9.ETR,E
2191,A1A4J8.ETR,E
2192,A1A4J7.ETR,E
2193,A1A4J6.ETR,E
2194,A1A4J5.ETR,E
2195,A1A4J4.ETR,E
2196,A1A4J3.ETR,E
2197,A1A4J2.ETR,E
2198,A1A4J1.ETR,E
2199,INC4D.FR,I
2200,INEBZ.FR,I
2201,INDSD.FR,I
2202,INDSB.FR,I
2203,AB.FR,E
2204,ALDEI.FR,E
2205,MLPHO.FR,E
2206,A1A4KX.ETR,E
2207,A1A4KY.ETR,E
2208,A1A4KZ.ETR,E
2209,A1A4K2.ETR,E
2210,A1CX3T.ETR,E
2211,A1A4LG.ETR,E
2212,A1A4LE.ETR,E
2213,NTRP.FR,E
2214,VPK.NL,E
2215,ALQWA.FR,E
2216,INAU2.FR,I
2217,INSP5.FR,I
2218,A1EMG5.ETR,E
2219,A1A4M5.ETR,I
2220,A1A4M4.ETR,I
2221,A1A4M3.ETR,I
2222,A1A4M2.ETR,I
2223,A1A4M1.ETR,I
2224,A1A4M0.ETR,I
2225,A1A4M6.ETR,E
2226,MLMON.FR,E
2227,BASF11.ETR,E
2228,INANX.FR,I
2229,INFMI.FR,I
2230,IN500.FR,I
2231,A1EMHE.ETR,E
2232,INMJP.FR,I
2233,ALINT.FR,E
2234,EDEN.FR,E
2235,A1A4F7.ETR,E
2236,A1A4F8.ETR,E
2237,INUS7.FR,I
2238,INUS3.FR,I
2239,INUS1.FR,I
2240,INX1G.FR,I
2241,ALCAR.FR,E
2242,INCD5.FR,I
2243,ALWED.FR,E
2244,A1A4NH.ETR,E
2245,ALMTH.FR,E
2246,A1A4PA.ETR,I
2247,A1A4PB.ETR,I
2248,A1A4PC.ETR,I
2249,A1A4PG.ETR,I
2250,A1A4PH.ETR,I
2251,A1A4PJ.ETR,I
2252,A0V9L9.ETR,E
2253,A1C5WJ.ETR,E
2254,A1C3R3.ETR,E
2255,A0Z26C.ETR,E
2256,A1EWVY.ETR,E
2257,ASCXG.NL,I
2258,AMXGR.NL,I
2259,A0Z3K9.ETR,I
2260,A0Z3LA.ETR,I
2261,A1EWWW.ETR,E
2262,A1EXB1.ETR,E
2263,A1EXB4.ETR,E
2264,A1EXB5.ETR,E
2265,A1EXB6.ETR,E
2266,A1EXB7.ETR,E
2267,A1EXCB.ETR,E
2268,EUS3.NL,E
2269,USE3.NL,E
2270,EJP3.NL,E
2271,JPE3.NL,E
2272,MLV4S.FR,E
2273,IANRJ.FR,I
2274,IAM3A.FR,I
2275,A1EXCF.ETR,I
2276,A1EXCG.ETR,E
2277,A1EXCJ.ETR,I
2278,A1EXCK.ETR,E
2279,A1EXCM.ETR,E
2280,A1EXCN.ETR,E
2281,A1EXCQ.ETR,E
2282,A1EXCR.ETR,E
2283,MLEES.FR,E
2284,ITELW.FR,I
2285,INRGW.FR,I
2286,ITNOW.FR,I
2287,ICODW.FR,I
2288,IUTLW.FR,I
2289,IHLTW.FR,I
2290,ICOSW.FR,I
2291,IMATW.FR,I
2292,IINDW.FR,I
2293,MLIOC.FR,E
2294,A1C8XS.ETR,E
2295,INHHH.FR,I
2296,INHBZ.FR,I
2297,INHEU.FR,I
2298,INMUS.FR,I
2299,INMEM.FR,I
2300,INMXJ.FR,I
2301,A1C9CM.ETR,E
2302,A0Z3LB.ETR,I
2303,A0Z3LC.ETR,I
2304,A0Z3LD.ETR,I
2305,A0Z3LF.ETR,I
2306,A0Z3LG.ETR,I
2307,A0Z3LH.ETR,I
2308,A0Z3LJ.ETR,I
2309,A0Z3LK.ETR,I
2310,A0Z3LL.ETR,I
2311,NAE.FR,E
2312,MLSCH.FR,E
2313,A1EWXA.ETR,E
2314,ICOUK.FR,I
2315,MLCLP.FR,E
2316,IGILI.FR,I
2317,IGILS.FR,I
2318,IUS13.FR,I
2319,IUS10.FR,I
2320,IUS37.FR,I
2321,A1EXET.ETR,E
2322,A1EXEU.ETR,E
2323,A0YHMA.ETR,E
2324,A1CX36.ETR,E
2325,IAEEM.FR,I
2326,IAGEB.FR,I
2327,A1C7VF.ETR,E
2328,PAXNR.FR,I
2329,CACEN.FR,I
2330,AEXEN.NL,I
2331,CACEG.FR,I
2332,AEXEG.NL,I
2333,MLFIR.FR,E
2334,AEXNR.NL,I
2335,AMXNR.NL,I
2336,ASCXN.NL,I
2337,APAM.NL,E
2338,A0Z3LM.ETR,I
2339,IYIEL.FR,I
2340,A1EWVR.ETR,E
2341,IAUEM.FR,I
2342,A1H6AJ.ETR,E
2343,ICBE7.FR,I
2344,ICBU7.FR,I
2345,ICEMU.FR,I
2346,ICMEX.FR,I
2347,ICNDX.FR,I
2348,ICPXJ.FR,I
2349,ICSCA.FR,I
2350,ICSJP.FR,I
2351,ICSPX.FR,I
2352,ICSRU.FR,I
2353,ICSUS.FR,I
2354,ICSX5.FR,I
2355,IIJPE.NL,I
2356,IIUES.NL,I
2357,IIWDE.NL,I
2358,A1H6GK.ETR,E
2359,MLCMI.FR,E
2360,A1EXFX.ETR,E
2361,A0Z3LN.ETR,I
2362,A1EXH5.ETR,E
2363,A1EXH4.ETR,E
2364,IAEXK.FR,I
2365,A0Z3LP.ETR,I
2366,A0Z3LQ.ETR,I
2367,A1EXJA.ETR,E
2368,CACGL.FR,I
2369,AEXNL.NL,I
2370,A1EXL1.ETR,I
2371,A1EXL6.ETR,E
2372,A1H8BV.ETR,E
2373,CACLG.FR,I
2374,ALBIO.FR,E
2375,CACS.FR,I
2376,CACMN.FR,I
2377,CACMR.FR,I
2378,I500U.FR,I
2379,IANXU.FR,I
2380,ICC1U.FR,I
2381,ICE9U.FR,I
2382,ICI2U.FR,I
2383,ICP9U.FR,I
2384,ICU2U.FR,I
2385,ICW8U.FR,I
2386,PAT.FR,E
2387,ILEMB.FR,I
2388,A1H81M.ETR,E
2389,A1H81L.ETR,E
2390,A0Z3LS.ETR,I
2391,A0Z3LT.ETR,I
2392,ALMOU.FR,E
2393,ALMNG.FR,E
2394,ITCBT.NL,I
2395,ITGBT.NL,I
2396,ITRET.NL,I
2397,A1EXNW.ETR,I
2398,A1EXNX.ETR,I
2399,A1EXNY.ETR,I
2400,A1EXN2.ETR,I
2401,A1EXN3.ETR,I
2402,A1EXN4.ETR,I
2403,A1EXPE.ETR,I
2404,A1EXPF.ETR,I
2405,A1EXPG.ETR,I
2406,A1EXPH.ETR,I
2407,A1EXPJ.ETR,I
2408,A1EXPK.ETR,I
2409,A1EXPL.ETR,I
2410,A1EXPM.ETR,I
2411,A1EXPN.ETR,I
2412,A1EXNS.ETR,E
2413,A1EXNR.ETR,E
2414,A1EXNQ.ETR,E
2415,A1H92V.ETR,E
2416,A1A4GR.ETR,E
2417,IBTPS.FR,I
2418,IAASI.FR,I
2419,IAFIN.FR,I
2420,IALAT.FR,I
2421,ACCEL.NL,E
2422,A1JADL.ETR,E
2423,A1EXQP.ETR,E
2424,A1EXQU.ETR,E
2425,A1EXQW.ETR,E
2426,A1EXQ1.ETR,E
2427,A1EXQ6.ETR,E
2428,A1EXQ8.ETR,E
2429,MLSIL.FR,E
2430,INWRD.FR,I
2431,INHTR.FR,I
2432,ALKLA.FR,E
2433,A1JFWK.ETR,E
2434,IAASU.FR,I
2435,IALAU.FR,I
2436,PNL.NL,E
2437,A1JJQC.ETR,E
2438,ALMDT.FR,E
2439,INCNY.FR,I
2440,A1JA81.ETR,E
2441,IIESE.NL,I
2442,IIGSG.NL,I
2443,ICACM.FR,I
2444,A1JGT0.ETR,E
2445,A1JEXK.ETR,E
2446,IHZAR.FR,I
2447,AXW.FR,E
2448,IHCAN.FR,I
2449,IHMLA.FR,I
2450,ALGBE.FR,E
2451,ISPMV.FR,I
2452,ALTBG.FR,E
2453,MKEA.FR,E
2454,NSE.NL,E
2455,ALUCR.FR,E
2456,IINDO.FR,I
2457,A1JC82.ETR,E
2458,KSAG88.ETR,E
2459,A1K023.ETR,E
2460,A1JD3A.ETR,E
2461,A1K03W.ETR,E
2462,A1K037.ETR,E
2463,A1K020.ETR,E
2464,IACWI.FR,I
2465,IACWE.FR,I
2466,IEMAE.FR,I
2467,IEMRG.FR,I
2468,IIMIE.FR,I
2469,A1EXUJ.ETR,E
2470,A1EXUL.ETR,E
2471,A0Z3L3.ETR,I
2472,A0Z3L6.ETR,I
2473,A0Z3L4.ETR,I
2474,CACSN.FR,I
2475,CACSR.FR,I
2476,MLONL.FR,E
2477,A1JSSD.ETR,E
2478,IEAGG.FR,I
2479,IEUCO.FR,I
2480,ITSYE.FR,I
2481,IUSAG.FR,I
2482,A1JE0N.ETR,E
2483,A1JMBU.ETR,E
2484,MLSML.FR,E
2485,A1JNDJ.ETR,E
2486,A1EXUE.ETR,E
2487,A1EXUF.ETR,E
2488,A1EXUG.ETR,E
2489,A1JPJY.ETR,E
2490,A1C6TV.ETR,E
2491,ALCOG.FR,E
2492,A1EXV7.ETR,I
2493,A1EXWB.ETR,I
2494,A1EXV6.ETR,I
2495,A1EXWA.ETR,I
2496,A1EXV8.ETR,I
2497,A1EXV9.ETR,I
2498,A1EXV5.ETR,I
2499,A1EXV4.ETR,I
2500,IMA35.FR,I
2501,IMA13.FR,I
2502,I500H.FR,I
2503,A1EXWH.ETR,E
2504,A1JRLK.ETR,E
2505,A1JRLJ.ETR,E
2506,A1JMFQ.ETR,E
2507,MLGAL.FR,E
2508,A1JS25.ETR,E
2509,A1JS7T.ETR,E
2510,A1JTC1.ETR,E
2511,ADOC.FR,E
2512,A1MMCC.ETR,E
2513,A1EXW5.ETR,E
2514,A1EXW6.ETR,E
2515,A0Z3MC.ETR,I
2516,A0Z3MB.ETR,I
2517,VMX.FR,E
2518,AEX4L.NL,I
2519,AEX4S.NL,I
2520,AEX5L.NL,I
2521,AEX5S.NL,I
2522,AEX6L.NL,I
2523,AEX6S.NL,I
2524,AEX7L.NL,I
2525,A0Z3ME.ETR,I
2526,A0Z3MD.ETR,I
2527,AXGSB.FR,E
2528,ALINS.FR,E
2529,A1JUDY.ETR,E
2530,ALBLU.FR,E
2531,IDEMV.FR,I
2532,A1JU1D.ETR,E
2533,ALASG.FR,I
2534,ALASN.FR,I
2535,ALGLD.FR,E
2536,A1JV4H.ETR,E
2537,DBV.FR,E
2538,IDL.FR,E
2539,A1JWVX.ETR,E
2540,A1JWQU.ETR,E
2541,A1EXZF.ETR,I
2542,A1EXY8.ETR,I
2543,A1EXY2.ETR,I
2544,A1EXZC.ETR,I
2545,A1EXZB.ETR,I
2546,A1EXZA.ETR,I
2547,A1EXY7.ETR,I
2548,A1EXZD.ETR,I
2549,A1EXZH.ETR,I
2550,A1EXY1.ETR,I
2551,A1EXY5.ETR,I
2552,A1EXZE.ETR,I
2553,A1EXY9.ETR,I
2554,A1EXY6.ETR,I
2555,A1EXZG.ETR,I
2556,A1EXY0.ETR,I
2557,A1EXY3.ETR,I
2558,A1EXZK.ETR,I
2559,A1EXY4.ETR,I
2560,A1EXZJ.ETR,I
2561,NLCSG.NL,I
2562,NLCGG.NL,I
2563,NLBMG.NL,I
2564,NLTLG.NL,I
2565,NLTCG.NL,I
2566,NLOGG.NL,I
2567,NLING.NL,I
2568,NLHCG.NL,I
2569,NLFNG.NL,I
2570,AAXG.NL,I
2571,A1JXCV.ETR,E
2572,A1JXTD.ETR,E
2573,A1JX4P.ETR,E
2574,A1EXZX.ETR,E
2575,A1EXZV.ETR,E
2576,A1EXZS.ETR,E
2577,A1EXZW.ETR,E
2578,A1PHFF.ETR,E
2579,MLPSH.FR,E
2580,EVNK01.ETR,E
2581,A1EX0B.ETR,E
2582,A1EX0A.ETR,E
2583,A1EX0C.ETR,E
2584,A1JZ0Q.ETR,E
2585,FRHCN.FR,I
2586,CN20G.FR,I
2587,FROGN.FR,I
2588,SIICN.FR,I
2589,CMSN.FR,I
2590,FRBMN.FR,I
2591,FRTEN.FR,I
2592,FRUTN.FR,I
2593,CN20N.FR,I
2594,FRCSN.FR,I
2595,FRINN.FR,I
2596,FRTCN.FR,I
2597,CMSG.FR,I
2598,N100G.FR,I
2599,N150G.FR,I
2600,SIICG.FR,I
2601,FRCGN.FR,I
2602,FRFNN.FR,I
2603,A1EX0F.ETR,E
2604,A1EX0G.ETR,E
2605,A1W6RN.ETR,E
2606,A1J0EV.ETR,E
2607,FPN.FR,E
2608,ALMET.FR,E
2609,AXEMS.FR,E
2610,MLAZL.FR,E
2611,IIFRB.NL,I
2612,A1MME7.ETR,E
2613,SQI.FR,E
2614,A1PG50.ETR,E
2615,A1PHBB.ETR,E
2616,TLX100.ETR,E
2617,A1J4U0.ETR,E
2618,ASML.NL,E
2619,A1J4U4.ETR,E
2620,MLAAH.FR,E
2621,A1J5RX.ETR,E
2622,ALNOV.FR,E
2623,IMI13.FR,I
2624,A1J6Y4.ETR,E
2625,ISGQI.FR,I
2626,NANO.FR,E
2627,ITPXH.FR,I
2628,AXEHY.FR,E
2629,A1RFMZ.ETR,E
2630,A1RFMY.ETR,E
2631,MLVST.FR,E
2632,A1EX1Z.ETR,E
2633,A1EX1W.ETR,E
2634,A1EX11.ETR,E
2635,A1EX10.ETR,E
2636,A1EX1X.ETR,E
2637,A1EX1Y.ETR,E
2638,A1EX12.ETR,E
2639,MLACT.FR,E
2640,A1JYVT.ETR,E
2641,BGAG98.ETR,E
2642,ITAT.NL,I
2643,MLMCE.FR,E
2644,INLVO.NL,I
2645,A1J85V.ETR,E
2646,A1J84E.ETR,E
2647,ALTER.FR,E
2648,A1KAGC.ETR,E
2649,MLIFC.FR,E
2650,IGLDM.FR,I
2651,A1EX15.ETR,E
2652,A1EX2B.ETR,E
2653,AXGSC.FR,E
2654,LEG111.ETR,E
2655,A1KBYX.ETR,E
2656,A1EXK6.ETR,E
2657,A1EXK7.ETR,E
2658,A1EXK5.ETR,E
2659,A1H9GN.ETR,E
2660,A1EX2W.ETR,I
2661,A1EX2G.ETR,I
2662,A1EX2D.ETR,I
2663,A1EX2Z.ETR,I
2664,A1EX28.ETR,I
2665,A1EX2M.ETR,I
2666,A1EX2J.ETR,I
2667,A1EX2T.ETR,I
2668,A1EX22.ETR,I
2669,A1EX27.ETR,I
2670,A1EX24.ETR,I
2671,A1EX2V.ETR,I
2672,A1EX21.ETR,I
2673,A1EX2S.ETR,I
2674,A1EX2L.ETR,I
2675,A1EX29.ETR,I
2676,A1EX2K.ETR,I
2677,A1EX2H.ETR,I
2678,A1EX2X.ETR,I
2679,A1EX2Q.ETR,I
2680,A1EX2E.ETR,I
2681,A1EX23.ETR,I
2682,A1EX20.ETR,I
2683,A1EX26.ETR,I
2684,A1EX3A.ETR,I
2685,A1EX2N.ETR,I
2686,A1EX2U.ETR,I
2687,A1EX2R.ETR,I
2688,A1EX2F.ETR,I
2689,A1EX25.ETR,I
2690,A1EX2Y.ETR,I
2691,A1EX2P.ETR,I
2692,TIE.NL,E
2693,ALSPW.FR,E
2694,A0Z3K8.ETR,I
2695,A0Z3K7.ETR,I
2696,INDXH.FR,I
2697,PHARM.NL,E
2698,A1TNV9.ETR,E
2699,MLDYX.FR,E
2700,A1TNWJ.ETR,E
2701,ENVUN.NL,I
2702,ENVUK.NL,I
2703,ENVUG.NL,I
2704,ENVFN.NL,I
2705,ENVFG.NL,I
2706,ENVF.NL,I
2707,ENVEU.NL,I
2708,ENVEN.NL,I
2709,ENVEG.NL,I
2710,A1T7LU.ETR,E
2711,IUSAC.FR,I
2712,CBK100.ETR,E
2713,IMFED.FR,I
2714,IMSED.FR,I
2715,IMEUD.FR,I
2716,A1MMEV.ETR,E
2717,ALSGD.FR,E
2718,EKI.FR,E
2719,CAEXT.FR,I
2720,ERYP.FR,E
2721,IJPNH.FR,I
2722,ITSWE.FR,I
2723,ECT.NL,E
2724,FNAC.FR,E
2725,MLMFI.FR,E
2726,A1TNNN.ETR,E
2727,IIRCP.FR,I
2728,A1WY6X.ETR,E
2729,IVHYL.FR,I
2730,IVWRL.FR,I
2731,IVJPN.FR,I
2732,IVUSA.FR,I
2733,IVEUR.FR,I
2734,IVFEM.FR,I
2735,IVAPX.FR,I
2736,A1TNUT.ETR,E
2737,A1X214.ETR,E
2738,A1X215.ETR,E
2739,A1ML7J.ETR,E
2740,KGX888.ETR,E
2741,MLSUM.FR,E
2742,ALDV.FR,E
2743,ALDR.FR,E
2744,IMFDD.FR,I
2745,ENVOG.NL,I
2746,ENVBG.NL,I
2747,ENVBN.NL,I
2748,ENVB.NL,I
2749,ENVEO.NL,I
2750,NGRP.FR,E
2751,A1X225.ETR,E
2752,A1X227.ETR,E
2753,A1X226.ETR,E
2754,LVIDE.NL,E
2755,ENVON.NL,I
2756,A1W2MF.ETR,E
2757,A1W2YK.ETR,E
2758,PSM777.ETR,E
2759,AEEXT.NL,I
2760,IEEA.FR,I
2761,A1X3W0.ETR,E
2762,A1X22A.ETR,E
2763,A1X3WX.ETR,E
2764,A1X3XX.ETR,E
2765,MLSHD.FR,E
2766,A1X2V6.ETR,E
2767,IEX.NL,E
2768,A1X3YY.ETR,E
2769,A1X2V7.ETR,E
2770,A1W4ER.ETR,E
2771,OCI.NL,E
2772,AXUSC.FR,E
2773,A1X3X3.ETR,E
2774,IAHYE.FR,I
2775,ICRWE.FR,I
2776,ICRWU.FR,I
2777,IMI10.FR,I
2778,A1X2VQ.ETR,E
2779,A1X2VP.ETR,E
2780,A1X2VR.ETR,E
2781,A1X2VS.ETR,E
2782,IDESE.FR,I
2783,IESD.FR,I
2784,IETZ.FR,I
2785,A1W5H0.ETR,E
2786,ISP5H.FR,I
2787,A1W5CT.ETR,E
2788,A1X2VU.ETR,E
2789,A1W5SA.ETR,E
2790,IESDD.FR,I
2791,IETZD.FR,I
2792,A1W58K.ETR,E
2793,ISGQE.FR,I
2794,MORE.NL,E
2795,NSCG.FR,E
2796,A1W6XZ.ETR,E
2797,CRBN.NL,E
2798,MLCFM.FR,E
2799,TKTT.FR,E
2800,NSTC.FR,E
2801,IC2MV.FR,I
2802,NSEV.FR,E
2803,MLVIN.FR,E
2804,IERND.FR,I
2805,IERNE.FR,I
2806,IFXGD.FR,I
2807,ILQDH.FR,I
2808,ISDHY.FR,I
2809,ISDIG.FR,I
2810,A1W8XE.ETR,E
2811,NEAG.FR,E
2812,NCRO.FR,E
2813,A1YC99.ETR,E
2814,IEXXY.FR,I
2815,NSMV.FR,E
2816,A1W90H.ETR,E
2817,AETAW.NL,I
2818,AEXAT.NL,I
2819,AEXTG.NL,I
2820,AEXTN.NL,I
2821,ATAWG.NL,I
2822,ATAWN.NL,I
2823,A1W97M.ETR,E
2824,A1X2W6.ETR,E
2825,ALQGC.FR,E
2826,SNOW.NL,E
2827,ALCRB.FR,E
2828,AXGIB.FR,E
2829,IBNKE.FR,I
2830,MLSEQ.FR,E
2831,NEIN.FR,E
2832,A1XA8R.ETR,E
2833,A1XA83.ETR,E
2834,NEBO.FR,E
2835,FGA.FR,E
2836,AXEIN.FR,E
2837,NSG.FR,E
2838,VALUE.NL,E
2839,A1YDAZ.ETR,E
2840,ITX7L.NL,I
2841,ITX7S.NL,I
2842,ALTBM.FR,E
2843,IRS2K.FR,I
2844,IDSUS.FR,I
2845,A1X2WD.ETR,E
2846,IMIVO.FR,I
2847,A1X2WE.ETR,E
2848,A1XDTV.ETR,E
2849,COFA.FR,E
2850,IUKMV.FR,I
2851,ALCJ.FR,E
2852,NECR.FR,E
2853,IWLDH.FR,I
2854,IGLUX.FR,I
2855,CACPN.FR,I
2856,CAPME.FR,I
2857,CACPG.FR,I
2858,CAPDR.FR,I
2859,IDSU3.FR,I
2860,IDSU2.FR,I
2861,AMUND.NL,E
2862,GTT.FR,E
2863,A1XE7G.ETR,E
2864,MCPHY.FR,E
2865,ILUXU.FR,I
2866,A1XFG9.ETR,E
2867,ALONC.FR,E
2868,A1XFVG.ETR,E
2869,GV.FR,E
2870,A1X2XH.ETR,E
2871,FALG.FR,E
2872,MLHK.FR,E
2873,IPEAP.FR,I
2874,A11133.ETR,E
2875,MLUMG.FR,E
2876,ALTHE.FR,E
2877,A1X2XK.ETR,E
2878,A1X2XJ.ETR,E
2879,A113Q5.ETR,E
2880,ALREA.FR,E
2881,IX13G.FR,I
2882,ALVIV.FR,E
2883,ALRPD.FR,E
2884,INCAS.FR,I
2885,IPINR.FR,I
2886,IPLEM.FR,I
2887,IPRIO.FR,I
2888,IPRUS.FR,I
2889,A1X2XR.ETR,I
2890,A1X2XQ.ETR,E
2891,A1X2XP.ETR,E
2892,IEMIM.FR,I
2893,IIEGA.FR,I
2894,IAWAT.FR,I
2895,IEWLD.FR,I
2896,NN.NL,E
2897,BRNL.NL,E
2898,A115FG.ETR,E
2899,ELIOR.FR,E
2900,IPDJE.FR,I
2901,IPSP5.FR,I
2902,IPUST.FR,I
2903,A1147K.ETR,E
2904,ISMRT.FR,I
2905,IPAEJ.FR,I
2906,IPASI.FR,I
2907,IPJPH.FR,I
2908,IPJPN.FR,I
2909,IPKRW.FR,I
2910,A11QW6.ETR,E
2911,SEFER.FR,E
2912,ENX.FR,E
2913,IPMEH.FR,I
2914,ALPIX.FR,E
2915,IMLPI.FR,I
2916,WLN.FR,E
2917,IMCD.NL,E
2918,CAPU.FR,E
2919,VLTSA.FR,E
2920,ALPHI.FR,E
2921,A1X2Y2.ETR,I
2922,A1X2Y3.ETR,I
2923,ATEME.FR,E
2924,A1X2YJ.ETR,E
2925,A1X2YK.ETR,E
2926,A117ME.ETR,E
2927,A11QVV.ETR,E
2928,ALUCI.FR,E
2929,A1X2XZ.ETR,I
2930,A1X2XY.ETR,I
2931,A117UJ.ETR,E
2932,A117XM.ETR,E
2933,A1X2YL.ETR,E
2934,A11873.ETR,E
2935,A118Z8.ETR,E
2936,A12UK0.ETR,E
2937,ISMRU.FR,I
2938,RYSE88.ETR,E
2939,A1X2YV.ETR,E
2940,A1EXL0.ETR,I
2941,A1EXLZ.ETR,I
2942,A13N9X.ETR,E
2943,A13N9Z.ETR,I
2944,A13N91.ETR,I
2945,A13N9Y.ETR,E
2946,A13N90.ETR,E
2947,ENMEW.FR,I
2948,A13N94.ETR,E
2949,A13N92.ETR,E
2950,A13N93.ETR,I
2951,A13N95.ETR,I
2952,ICNAA.FR,I
2953,ICOMF.FR,I
2954,IPSRW.FR,I
2955,A13N99.ETR,I
2956,AXS.NL,E
2957,A13N97.ETR,I
2958,A13N98.ETR,I
2959,A13N96.ETR,I
2960,A12UP2.ETR,E
2961,ZAL111.ETR,E
2962,MLAAT.FR,E
2963,IAFRN.FR,I
2964,IJPX4.FR,I
2965,A13PAJ.ETR,E
2966,A12B6J.ETR,E
2967,ITEET.FR,I
2968,A13PA0.ETR,E
2969,A13PAY.ETR,E
2970,A13PAX.ETR,E
2971,A13PAZ.ETR,E
2972,A12CWQ.ETR,E
2973,A12UP3.ETR,E
2974,A12CY9.ETR,E
2975,A12B8Z.ETR,E
2976,PSH.NL,E
2977,IVERX.FR,I
2978,IVEVE.FR,I
2979,IVNRT.FR,I
2980,A12DQC.ETR,E
2981,IFEUZ.FR,I
2982,A1EXLF.ETR,E
2983,A1EXLC.ETR,E
2984,A1EXLD.ETR,E
2985,A12EA8.ETR,E
2986,A13SX2.ETR,E
2987,IJPXY.FR,I
2988,IBUYB.FR,I
2989,A1W9NS.ETR,E
2990,EPMEG.FR,I
2991,ENPME.FR,I
2992,MLFDV.FR,E
2993,IJPNK.FR,I
2994,CNV.FR,E
2995,ARTE.FR,E
2996,MLAUD.FR,E
2997,A12FMV.ETR,E
2998,ALHEO.FR,E
2999,A0SMU8.ETR,E
3000,IJPNY.FR,I
3001,IELOW.FR,I
3002,IEMUE.FR,I
3003,IEUDV.FR,I
3004,IGOVS.FR,I
3005,IJNKE.FR,I
3006,IR2US.FR,I
3007,ISEUC.FR,I
3008,ISPY4.FR,I
3009,ISPY5.FR,I
3010,A12UPJ.ETR,E
3011,MLHCF.FR,E
3012,A13PGG.ETR,E
3013,MLAGI.FR,E
3014,ML350.FR,E
3015,MLMUL.FR,E
3016,NSUS.FR,E
3017,MLCIO.FR,E
3018,MLSMP.FR,E
3019,MLSNT.FR,E
3020,A12HJF.ETR,E
3021,A12HU0.ETR,E
3022,A14KR2.ETR,E
3023,A14KRD.ETR,E
3024,IJPXH.FR,I
3025,A14M2J.ETR,E
3026,BOLS.NL,E
3027,POXEL.FR,E
3028,GVNV.NL,E
3029,ELIS.FR,E
3030,ALTRO.FR,E
3031,ALFOC.FR,E
3032,IFLOT.FR,I
3033,A13PAD.ETR,I
3034,A13PHC.ETR,I
3035,ICAPE.FR,I
3036,A1A4D1.ETR,I
3037,A1A4D0.ETR,I
3038,A13PHD.ETR,I
3039,ALESA.FR,E
3040,LARF.FR,E
3041,IBYBE.FR,I
3042,IBYBU.FR,I
3043,A13PHF.ETR,E
3044,A13PHL.ETR,E
3045,A13PHH.ETR,E
3046,A13PHG.ETR,E
3047,A13PHJ.ETR,E
3048,A13PHK.ETR,E
3049,A13PHM.ETR,E
3050,A13PHT.ETR,E
3051,A13PHN.ETR,E
3052,A13PHU.ETR,E
3053,A13PHS.ETR,E
3054,A13PHP.ETR,E
3055,A13PHV.ETR,E
3056,A14NE5.ETR,E
3057,A0N4N5.ETR,E
3058,A13SUL.ETR,E
3059,ICSH2.FR,I
3060,A13PH4.ETR,E
3061,A13PH0.ETR,I
3062,A13PHY.ETR,I
3063,A13PH1.ETR,I
3064,A13PH3.ETR,I
3065,A13PHW.ETR,I
3066,A13PHX.ETR,I
3067,A13PH2.ETR,I
3068,A13PHZ.ETR,I
3069,IMTH.FR,I
3070,A14P98.ETR,E
3071,A13PH6.ETR,E
3072,A13PH5.ETR,E
3073,PARP.FR,E
3074,OSE.FR,E
3075,ABNX.FR,E
3076,A13PJA.ETR,I
3077,A13PH7.ETR,I
3078,A13PJC.ETR,I
3079,A13PH8.ETR,I
3080,A13PJB.ETR,I
3081,A13PH9.ETR,I
3082,ALSEN.FR,E
3083,A161DF.ETR,I
3084,A161DC.ETR,I
3085,A161DA.ETR,I
3086,A13PJG.ETR,I
3087,A13PJF.ETR,I
3088,A161DJ.ETR,I
3089,A161DE.ETR,I
3090,A13PJM.ETR,I
3091,A161DK.ETR,I
3092,A161DB.ETR,I
3093,A13PJJ.ETR,I
3094,A13PJK.ETR,I
3095,A13PJH.ETR,I
3096,A161DG.ETR,I
3097,A13PJL.ETR,I
3098,A13PJE.ETR,I
3099,A161DH.ETR,I
3100,A161DQ.ETR,I
3101,A161DY.ETR,I
3102,A161DT.ETR,I
3103,A161DW.ETR,I
3104,A161DR.ETR,I
3105,A161DU.ETR,I
3106,A161DS.ETR,I
3107,A161DX.ETR,I
3108,A161DV.ETR,I
3109,A14RPH.ETR,E
3110,A161DZ.ETR,I
3111,A13PJD.ETR,I
3112,NHOA.FR,E
3113,MLGEQ.FR,E
3114,IHYBB.FR,I
3115,CACLN.FR,I
3116,CAR.FR,I
3117,CLEW.FR,I
3118,CLEWE.FR,I
3119,CLEWG.FR,I
3120,CLEWN.FR,I
3121,A161EF.ETR,I
3122,A14R7U.ETR,E
3123,IAFLT.FR,I
3124,CAEWC.FR,I
3125,IMIVA.FR,I
3126,MLIDP.FR,E
3127,IPAXJ.FR,I
3128,ILWCR.FR,I
3129,ILWCU.FR,I
3130,IHDLV.FR,I
3131,ALUNT.FR,E
3132,WAF300.ETR,E
3133,A14TUX.ETR,E
3134,A14TU4.ETR,E
3135,IJPHE.FR,I
3136,IJPHG.FR,I
3137,IJPHU.FR,I
3138,A161N3.ETR,E
3139,ALLIX.FR,E
3140,SPIE.FR,E
3141,ABVX.FR,E
3142,A14UQQ.ETR,E
3143,AMPLI.FR,E
3144,IAFLE.FR,I
3145,A14U78.ETR,E
3146,EUCAR.FR,E
3147,A11Q05.ETR,E
3148,A161E0.ETR,I
3149,A14V41.ETR,E
3150,ALGIL.FR,E
3151,ALCOR.FR,E
3152,STRA55.ETR,E
3153,A14V1T.ETR,E
3154,ADUX.FR,E
3155,ALMIB.FR,E
3156,ALBPS.FR,E
3157,ALHYP.FR,E
3158,FLOW.NL,E
3159,MLVAL.FR,E
3160,A161N1.ETR,E
3161,A14WK0.ETR,E
3162,HOLN.FR,E
3163,A161E4.ETR,I
3164,ICAPU.FR,I
3165,IUCAP.FR,I
3166,A161E6.ETR,I
3167,IETBB.FR,I
3168,IETDD.FR,I
3169,JBOG.FR,E
3170,A14XB9.ETR,E
3171,A14XLZ.ETR,E
3172,A161F0.ETR,I
3173,PHA.FR,E
3174,A161F3.ETR,I
3175,A161F1.ETR,I
3176,IFPXU.FR,I
3177,A14YJM.ETR,E
3178,IFGBL.FR,I
3179,A14Y6H.ETR,E
3180,A14Y6F.ETR,E
3181,MLDYH.FR,E
3182,A12DM8.ETR,E
3183,A169SZ.ETR,I
3184,A169SY.ETR,I
3185,HLAG47.ETR,E
3186,SHA015.ETR,E
3187,BNEW.NL,I
3188,BNEWG.NL,I
3189,BNEWE.NL,I
3190,BNEWN.NL,I
3191,MLAEM.FR,E
3192,A140KD.ETR,E
3193,CAPLI.FR,E
3194,A16820.ETR,E
3195,A1401Z.ETR,E
3196,INTER.NL,E
3197,A16811.ETR,E
3198,ALLLN.FR,E
3199,ITPHG.FR,I
3200,ITPHU.FR,I
3201,ITPXE.FR,I
3202,ITPXY.FR,I
3203,A141J3.ETR,E
3204,ITNAE.FR,I
3205,A16123.ETR,E
3206,A142VP.ETR,E
3207,SRP.FR,E
3208,IC50U.FR,I
3209,A16107.ETR,E
3210,SBF80.FR,I
3211,SBF8D.FR,I
3212,SBF8G.FR,I
3213,SBF8N.FR,I
3214,ICWEU.FR,I
3215,ICWFU.FR,I
3216,IFTSE.FR,I
3217,IESEH.FR,I
3218,AMUN.FR,E
3219,A169S8.ETR,I
3220,A143D6.ETR,E
3221,AE10S.NL,I
3222,AE12S.NL,I
3223,AE15S.NL,I
3224,COX.FR,E
3225,ICBBB.FR,I
3226,IX1GD.FR,I
3227,ALPOU.FR,E
3228,ABN.NL,E
3229,A143NB.ETR,E
3230,PABSB.FR,E
3231,PABSA.FR,E
3232,A169TR.ETR,I
3233,ALMLB.FR,E
3234,MLCLI.FR,E
3235,A2AAA7.ETR,E
3236,ALDBT.FR,E
3237,A2ACKK.ETR,E
3238,ALIMR.FR,E
3239,A12ULL.ETR,E
3240,ALDRV.FR,E
3241,ICJ1Y.FR,I
3242,ICSWC.FR,I
3243,IDSP5.FR,I
3244,IEUHD.FR,I
3245,IHKDE.FR,I
3246,IJPSR.FR,I
3247,IU1FA.FR,I
3248,IUBU3.FR,I
3249,IUBU7.FR,I
3250,IUBU9.FR,I
3251,IUBUM.FR,I
3252,IUBUR.FR,I
3253,IUBUS.FR,I
3254,IUBUT.FR,I
3255,IUBUV.FR,I
3256,IUBUW.FR,I
3257,IUBUX.FR,I
3258,IUE24.FR,I
3259,IUE25.FR,I
3260,IUE27.FR,I
3261,IUE28.FR,I
3262,IUE31.FR,I
3263,IUE33.FR,I
3264,IUEF0.FR,I
3265,IUEF5.FR,I
3266,IUEF6.FR,I
3267,IUEF7.FR,I
3268,IUEF8.FR,I
3269,IUEF9.FR,I
3270,IUEFD.FR,I
3271,IUEFF.FR,I
3272,IUEFI.FR,I
3273,IUEFR.FR,I
3274,IUIM1.FR,I
3275,IUIM2.FR,I
3276,IUIM4.FR,I
3277,IUIM5.FR,I
3278,IUIM9.FR,I
3279,IUIMA.FR,I
3280,IUIMD.FR,I
3281,IUIMI.FR,I
3282,IUIMM.FR,I
3283,IUIMP.FR,I
3284,IUIMR.FR,I
3285,IUIMT.FR,I
3286,IUIMY.FR,I
3287,IUIMZ.FR,I
3288,IUKSR.FR,I
3289,ISMRE.FR,I
3290,A2AAE2.ETR,E
3291,MLOSA.FR,E
3292,ALWEC.FR,E
3293,SIFG.NL,E
3294,IJPHC.FR,I
3295,A1EXJP.ETR,I
3296,A1EXJN.ETR,I
3297,A1EXJ3.ETR,I
3298,A1EXJ4.ETR,I
3299,A2AF0E.ETR,E
3300,IVECP.FR,I
3301,IVETY.FR,I
3302,IVUCP.FR,I
3303,IVUTY.FR,I
3304,A1EXJ6.ETR,I
3305,A1EXJ5.ETR,I
3306,A1EXJ8.ETR,I
3307,A1EXJ7.ETR,I
3308,A1EXJ9.ETR,I
3309,A1EXKA.ETR,I
3310,CLEJP.FR,I
3311,CLEWJ.FR,I
3312,A2AF8T.ETR,E
3313,ENVG.NL,I
3314,ENVN.NL,I
3315,ENVU.NL,I
3316,ENVW.NL,I
3317,ENVWG.NL,I
3318,ENVWN.NL,I
3319,IGSCE.FR,I
3320,IAIGA.FR,I
3321,IAIGC.FR,I
3322,IAIGP.FR,I
3323,IBULL.FR,I
3324,ICOPA.FR,I
3325,ICRUD.FR,I
3326,IEJP3.FR,I
3327,IEUJP.FR,I
3328,IEUS3.FR,I
3329,IJPE3.FR,I
3330,IJPEU.FR,I
3331,ILBUL.FR,I
3332,ILSIL.FR,I
3333,INGAS.FR,I
3334,INGBS.FR,I
3335,IPHAG.FR,I
3336,IPHAU.FR,I
3337,IPHPD.FR,I
3338,IPHPM.FR,I
3339,IPHPT.FR,I
3340,ISBUL.FR,I
3341,ISLVR.FR,I
3342,ISSIL.FR,I
3343,IUSE3.FR,I
3344,IWEAT.FR,I
3345,A2BLEB.ETR,I
3346,CAIND.NL,I
3347,ALWIT.FR,E
3348,GNRO.FR,E
3349,MBWSZ.FR,E
3350,ALQP.FR,E
3351,A2AHZA.ETR,E
3352,A2AHZ7.ETR,E
3353,IWCOD.FR,I
3354,IWCOS.FR,I
3355,IWFIN.FR,I
3356,IWHEA.FR,I
3357,IWIND.FR,I
3358,IWMAT.FR,I
3359,IWNRG.FR,I
3360,IWTCH.FR,I
3361,IWTEL.FR,I
3362,IWUTI.FR,I
3363,IINFL.FR,I
3364,IINFU.FR,I
3365,DIM.FR,E
3366,ITPHC.FR,I
3367,A2AJ0F.ETR,E
3368,INFLE.FR,I
3369,A2AJTS.ETR,E
3370,FFARM.NL,E
3371,IGSCU.FR,I
3372,A2AJX9.ETR,E
3373,A2AJ68.ETR,E
3374,ISP5C.FR,I
3375,IUSIH.FR,I
3376,ALKLK.FR,E
3377,ITDIV.FR,I
3378,IMCEU.FR,I
3379,IQCEU.FR,I
3380,LIGHT.NL,E
3381,CCEP.NL,E
3382,MLSDN.FR,E
3383,BFIT.NL,E
3384,ASRNL.NL,E
3385,MDM.FR,E
3386,A2AA20.ETR,E
3387,A1681X.ETR,E
3388,FR.FR,E
3389,LFDE.FR,E
3390,IEMHD.FR,I
3391,IEVOU.FR,I
3392,IEVAE.FR,I
3393,IEQUA.FR,I
3394,IEMOM.FR,I
3395,IEVOE.FR,I
3396,IEPRE.FR,I
3397,CGG.FR,E
3398,ALPCV.FR,E
3399,IEWRD.FR,I
3400,IENAM.FR,I
3401,IEESM.FR,I
3402,IEEMK.FR,I
3403,IEJAP.FR,I
3404,IEPEJ.FR,I
3405,IEEUE.FR,I
3406,IEEMU.FR,I
3407,IRUS3.FR,I
3408,IRUS1.FR,I
3409,DGM.FR,E
3410,ECOP.NL,I
3411,ECOPG.NL,I
3412,COP5E.NL,I
3413,ENCLE.NL,I
3414,ENCEN.NL,I
3415,ENCEG.NL,I
3416,ECOPN.NL,I
3417,A12LE.NL,I
3418,C12LE.FR,I
3419,ALENE.FR,E
3420,AURS.FR,E
3421,ALPHA.FR,E
3422,SIGHT.FR,E
3423,I100H.FR,I
3424,AD.NL,E
3425,A2ANT0.ETR,E
3426,INGA.NL,E
3427,A2ANV3.ETR,E
3428,ALINV.FR,E
3429,UNSE01.ETR,E
3430,IRUS7.FR,I
3431,A2AQCA.ETR,E
3432,A2BPK3.ETR,E
3433,A2ARCV.ETR,E
3434,IEMSR.FR,I
3435,IEKLD.FR,I
3436,IHYFA.FR,I
3437,A2ARTP.ETR,E
3438,TKWY.NL,E
3439,A2ASAC.ETR,E
3440,SO.FR,E
3441,A2AR94.ETR,E
3442,A2ASF5.ETR,E
3443,ALNOX.FR,E
3444,ALNLF.FR,E
3445,FTG111.ETR,E
3446,LOUP.FR,E
3447,A2ASUV.ETR,E
3448,ABEO.FR,E
3449,A2ASZ7.ETR,E
3450,IUSHY.FR,I
3451,A0Z3ND.ETR,I
3452,A0Z3NE.ETR,I
3453,A0Z3NF.ETR,I
3454,ALPAR.FR,E
3455,A2AT0H.ETR,E
3456,A2DA41.ETR,E
3457,A2DA58.ETR,E
3458,LTF.FR,E
3459,ALPHS.FR,E
3460,IS500.FR,I
3461,INRAM.FR,I
3462,IMWRD.FR,I
3463,IEPRA.FR,I
3464,ICEU2.FR,I
3465,BNEWV.NL,I
3466,MLFSG.FR,E
3467,NSEE.FR,E
3468,LGFB.FR,E
3469,A2DH1A.ETR,E
3470,IBUNS.FR,I
3471,NEXTS.FR,E
3472,A2DJTU.ETR,E
3473,SOI.FR,E
3474,A2DKCH.ETR,E
3475,FTI.FR,E
3476,IVEMT.FR,I
3477,A2DJV6.ETR,E
3478,IUIFL.FR,I
3479,IUBBB.FR,I
3480,IGGOV.FR,I
3481,IGAGG.FR,I
3482,IEGOV.FR,I
3483,IECRP.FR,I
3484,IEBBB.FR,I
3485,ICBSE.FR,I
3486,BFB001.ETR,E
3487,BFB002.ETR,E
3488,NUST.FR,E
3489,NSDG.FR,E
3490,ISPXS.FR,I
3491,ISGLD.FR,I
3492,ISBIO.FR,I
3493,IGMRC.FR,I
3494,MLFNP.FR,E
3495,ALOSM.FR,E
3496,A14KEB.ETR,E
3497,LYS.FR,E
3498,A2DLMS.ETR,E
3499,IVLUD.FR,I
3500,IVLED.FR,I
3501,IVALD.FR,I
3502,IQUED.FR,I
3503,IMOED.FR,I
3504,IVA.FR,E
3505,C4EWD.FR,I
3506,A2BLGX.ETR,I
3507,A2BLGY.ETR,I
3508,IVLUU.FR,I
3509,CAGOV.FR,I
3510,CAGON.FR,I
3511,CAGOG.FR,I
3512,ENFAN.NL,I
3513,ENFAM.NL,I
3514,ENFAG.NL,I
3515,ICLIM.FR,I
3516,A0XYHT.ETR,E
3517,TKO.FR,E
3518,A2DAM0.ETR,E
3519,AVTX.NL,E
3520,A2DM8U.ETR,E
3521,A2DME9.ETR,E
3522,IGAGU.FR,I
3523,XFAB.FR,E
3524,IIIFL.FR,I
3525,IIBBB.FR,I
3526,A161NR.ETR,E
3527,A2FG2R.ETR,I
3528,A2FG2S.ETR,I
3529,A2FG2Q.ETR,I
3530,VEON.NL,E
3531,A2DPEL.ETR,E
3532,EC1EW.NL,I
3533,EC1EG.NL,I
3534,EC1ED.NL,I
3535,A2FG24.ETR,I
3536,ALPER.FR,E
3537,ALADO.FR,E
3538,A2E377.ETR,E
3539,A2DR6L.ETR,E
3540,A2DQWX.ETR,E
3541,EBLRN.NL,I
3542,EBLRG.NL,I
3543,EBLRE.NL,I
3544,EBLRD.NL,I
3545,ALX.NL,E
3546,PVL.FR,E
3547,A2DAN1.ETR,E
3548,PWG.FR,E
3549,CAGOD.FR,I
3550,IMIVU.FR,I
3551,IGINF.FR,I
3552,OREQU.FR,E
3553,OCOBD.FR,E
3554,METEI.FR,E
3555,ECE.FR,E
3556,A2DRTZ.ETR,E
3557,MT.NL,E
3558,IWRDU.FR,I
3559,IU500.FR,I
3560,INAMU.FR,I
3561,IGGOU.FR,I
3562,IEPRU.FR,I
3563,A2DRBP.ETR,E
3564,A2DR6K.ETR,E
3565,A2DR54.ETR,E
3566,C4SD.FR,I
3567,C4CD.FR,I
3568,IPQVM.FR,I
3569,IEJAH.FR,I
3570,IAEME.FR,I
3571,ECOEW.NL,I
3572,ECOEN.NL,I
3573,ECOEG.NL,I
3574,ECO50.NL,I
3575,A16140.ETR,E
3576,ALCOF.FR,E
3577,A2E4K4.ETR,E
3578,IJBEM.FR,I
3579,ALVAL.FR,E
3580,BALYO.FR,E
3581,IUCEU.FR,I
3582,I500E.FR,I
3583,A2E4MK.ETR,E
3584,A2DSYC.ETR,E
3585,IUSPN.FR,I
3586,ISGBS.FR,I
3587,IROB.FR,I
3588,ALD.FR,E
3589,ICAPH.FR,I
3590,NSI.NL,E
3591,A2E370.ETR,E
3592,EFGEN.NL,I
3593,EFGEW.NL,I
3594,EFGEG.NL,I
3595,EFGED.NL,I
3596,IMIV.FR,I
3597,IGIN.FR,I
3598,ALECR.FR,E
3599,A2GS40.ETR,E
3600,IIQMU.FR,I
3601,IIQEE.FR,I
3602,IIQEC.FR,I
3603,IIQEG.FR,I
3604,A2E4T7.ETR,E
3605,IIQJP.FR,I
3606,A2DUAY.ETR,E
3607,A2DUDM.ETR,E
3608,A0JDBC.ETR,E
3609,COREN.NL,I
3610,COREU.NL,I
3611,MLAHC.FR,E
3613,JST400.ETR,E
3614,ALUMS.FR,E
3615,MLAMY.FR,E
3616,PROBS.FR,E
3617,RUI.FR,E
3618,ALUVI.FR,E
3619,MLOEX.FR,E
3620,EDEU.FR,E
3621,IETFL.FR,I
3622,IETLE.FR,I
3623,EMWE.FR,E
3624,A2DVLE.ETR,E
3625,ALERS.FR,E
3626,A2GYHM.ETR,I
3627,A2GYHK.ETR,I
3628,A2GYHL.ETR,I
3629,A2GYHP.ETR,I
3630,A2GYHN.ETR,I
3631,A2GYHQ.ETR,I
3632,A2GTBT.ETR,I
3633,A2GTBY.ETR,I
3634,A2GTB9.ETR,I
3635,A2GTBU.ETR,I
3636,A2GTBV.ETR,I
3637,A2GTB7.ETR,I
3638,A2GTB0.ETR,I
3639,A2GTCB.ETR,I
3640,A2GTB5.ETR,I
3641,A2GTCD.ETR,I
3642,A2GTBW.ETR,I
3643,A2GTCE.ETR,I
3644,A2GTB8.ETR,I
3645,A2GTBZ.ETR,I
3646,A2GTB6.ETR,I
3647,A2GTBX.ETR,I
3648,A2GTCC.ETR,I
3649,A2GTCA.ETR,I
3650,A2GTB4.ETR,I
3651,A2DVSM.ETR,E
3652,GTBP.FR,E
3653,COR3P.NL,I
3654,COR3N.NL,I
3655,COR3G.NL,I
3656,COR3D.NL,I
3657,COR30.NL,I
3658,A2GS63.ETR,E
3659,A0JCY1.ETR,E
3660,A2DW4X.ETR,E
3661,A2GS60.ETR,E
3662,A2DW8Z.ETR,E
3663,A2DW84.ETR,E
3664,A2E4LE.ETR,E
3665,MLALV.FR,E
3666,ALMII.FR,E
3667,BIM.FR,E
3668,IEMWE.FR,I
3669,IEDEU.FR,I
3670,DLTA.FR,E
3671,IEMEH.FR,I
3672,A2DWB8.ETR,E
3673,NLFBS.FR,E
3674,ERGCD.NL,I
3675,ERGCN.NL,I
3676,ERGBN.NL,I
3677,ERGCP.NL,I
3678,ERGBD.NL,I
3679,ERGBP.NL,I
3680,INLVX.FR,I
3681,A2GSVV.ETR,E
3682,A2H5A3.ETR,E
3683,ALARF.FR,E
3684,SMCP.FR,E
3685,A2GS62.ETR,E
3686,A2H5Z1.ETR,E
3687,ALTHX.FR,E
3688,A2GYJT.ETR,I
3689,A2J0PW.ETR,I
3690,A2JSR1.ETR,E
3691,EURBU.FR,E
3692,A2G9LL.ETR,E
3693,A2H7A5.ETR,E
3694,A2H7JF.ETR,E
3695,IELLE.FR,I
3696,IMKTN.FR,I
3697,EFGG.NL,I
3698,EFGN.NL,I
3699,EFGP.NL,I
3700,A2JSPM.ETR,E
3701,A2GSU4.ETR,E
3702,TFF.FR,E
3703,IEISR.FR,I
3704,IEKUS.FR,I
3705,IFXEU.FR,I
3706,IFXGB.FR,I
3707,ADVIC.FR,E
3708,ALCES.FR,E
3709,MLAIM.FR,E
3710,A2G9MZ.ETR,E
3711,VIS2.FR,E
3712,NVD2.FR,E
3713,NFL2.FR,E
3714,MSF2.FR,E
3715,JPM2.FR,E
3716,GS2.FR,E
3717,GOO2.FR,E
3718,FB2.FR,E
3719,CRM2.FR,E
3720,CIT2.FR,E
3721,AMZ2.FR,E
3722,AAP2.FR,E
3723,IGAGH.FR,I
3724,IGOVH.FR,I
3725,A11QLU.ETR,E
3726,PPLA.NL,E
3727,PPLAA.NL,E
3728,PPLAB.NL,E
3729,BUDBS.FR,E
3730,IAWSR.FR,I
3731,A2G833.ETR,E
3732,EFMED.NL,I
3733,EFMEG.NL,I
3734,EFMEN.NL,I
3735,EFMEP.NL,I
3736,EZ40.NL,I
3737,EZ40G.NL,I
3738,EZ40N.NL,I
3739,EZ40P.NL,I
3740,FGIND.NL,I
3741,FGING.NL,I
3742,FGINN.NL,I
3743,FGINP.NL,I
3744,A2GS5D.ETR,E
3745,CGGBS.FR,E
3746,CGGBT.FR,E
3747,A2E4SV.ETR,E
3748,2ICEU.FR,I
3749,GB12D.NL,I
3750,GB12C.NL,I
3751,GB10D.NL,I
3752,GB10C.NL,I
3753,IECOM.FR,I
3754,IBIOT.FR,I
3755,IBATT.FR,I
3756,IMOOC.FR,I
3757,IDNRA.FR,I
3758,IDECR.FR,I
3759,IAEMD.FR,I
3760,I10AM.FR,I
3761,I10AL.FR,I
3762,I10AK.FR,I
3763,I10AJ.FR,I
3764,I10AI.FR,I
3765,I10AH.FR,I
3766,SHL100.ETR,E
3767,A2JDGJ.ETR,E
3768,CMCOM.NL,E
3769,A2JEGN.ETR,E
3770,ESF4N.FR,I
3771,ESGF4.FR,I
3772,ESF4P.FR,I
3773,ESF4G.FR,I
3774,CLIF4.FR,I
3775,CLF4P.FR,I
3776,CLF4N.FR,I
3777,ESE4P.NL,I
3778,ESE4G.NL,I
3779,ES1EP.NL,I
3780,ES1EG.NL,I
3781,ES1ED.NL,I
3782,CLIE5.NL,I
3783,CLE5P.NL,I
3784,CLE5G.NL,I
3785,CLF4G.FR,I
3786,ESGE4.NL,I
3787,ESE4N.NL,I
3788,ES1EN.NL,I
3789,CLE5N.NL,I
3790,A2JEXP.ETR,E
3791,A2JE48.ETR,E
3792,DWS100.ETR,E
3793,MLOCT.FR,E
3794,A2GS5M.ETR,E
3795,VMGBS.FR,E
3796,A2JF28.ETR,E
3797,A2L041.ETR,I
3798,A2L040.ETR,I
3799,PID.FR,E
3800,BSGR.NL,E
3801,A2JE3W.ETR,E
3802,VMGBT.FR,E
3803,ALFEN.NL,E
3804,A2JGMQ.ETR,E
3805,MLMIB.FR,E
3806,MLLAB.FR,E
3807,A1TNU6.ETR,E
3808,IRS2U.FR,I
3809,A2G8X3.ETR,E
3810,ALVU.FR,E
3811,A2JG9Z.ETR,E
3812,ISRIJ.FR,I
3813,ISRIE.FR,I
3814,CAMID.FR,I
3815,ESG5N.NL,I
3816,ESG5G.NL,I
3817,ESG5D.NL,I
3818,ESG50.NL,I
3819,IGAHU.FR,I
3820,A2JHXV.ETR,E
3821,URW.NL,E
3822,A2JKHY.ETR,E
3823,SPG100.ETR,E
3824,FEZ6P.NL,I
3825,FEZ6N.NL,I
3826,FEZ6G.NL,I
3827,FEZ60.NL,I
3828,EZ60P.NL,I
3829,EZ60N.NL,I
3830,EZ60G.NL,I
3831,EZ60.NL,I
3832,MLPRX.FR,E
3833,BESI.NL,E
3834,THEP.FR,E
3835,ALDNE.FR,E
3836,A2LQ85.ETR,E
3837,A2L0NR.ETR,I
3838,ALNN6.FR,E
3839,IUCRP.FR,I
3840,A2G9M1.ETR,E
3841,ILCWD.FR,I
3842,ICEMP.NL,I
3843,ADYEN.NL,E
3844,A2JNF4.ETR,E
3845,A2JM2W.ETR,E
3846,ALKAL.FR,E
3847,EZNE1.NL,I
3848,EZN1P.NL,I
3849,EZN1N.NL,I
3850,EZN1G.NL,I
3851,EZ15P.NL,I
3852,EZ15N.NL,I
3853,EZ15G.NL,I
3854,EZ150.NL,I
3855,ERGSP.NL,I
3856,ERGSN.NL,I
3857,ERGSD.NL,I
3858,A2JNWZ.ETR,E
3859,ALLEC.FR,E
3860,EZ70P.NL,I
3861,EZ70N.NL,I
3862,EZ70G.NL,I
3863,EZ70.NL,I
3864,A2LQUA.ETR,E
3865,IFDNE.FR,I
3866,FRENV.NL,I
3867,FRENP.NL,I
3868,FRENG.NL,I
3869,FRENN.NL,I
3870,2CRSI.FR,E
3871,ESG1P.NL,I
3872,ESG1N.NL,I
3873,ESG1G.NL,I
3874,ESG1D.NL,I
3875,MLGDI.FR,E
3876,A2L0MY.ETR,I
3877,A2L0MZ.ETR,I
3878,A2L0MV.ETR,I
3879,A2L0M0.ETR,I
3880,A2L0MW.ETR,I
3881,A2L0MX.ETR,I
3882,CYBBT.FR,E
3883,ECO5P.NL,I
3884,ECO5N.NL,I
3885,ECO5G.NL,I
3886,ECO5E.NL,I
3887,ALTUV.FR,E
3888,ALORD.FR,E
3889,IGSPX.FR,I
3890,EZ80P.NL,I
3891,EZ80N.NL,I
3892,EZ80G.NL,I
3893,EZ80D.NL,I
3894,RBO.FR,E
3895,A2NB60.ETR,E
3896,A2JQSC.ETR,E
3897,EZMLP.NL,I
3898,EZMLN.NL,I
3899,EZMLG.NL,I
3900,EZML6.NL,I
3901,BESGP.NL,I
3902,BESGN.NL,I
3903,BESGG.NL,I
3904,BESGD.NL,I
3905,MLLOG.FR,E
3906,A2JQTG.ETR,E
3907,FRECP.FR,I
3908,FRECN.FR,I
3909,FRECH.FR,I
3910,FRECG.FR,I
3911,CESG3.NL,I
3912,CEE3P.NL,I
3913,CEE3N.NL,I
3914,CEE3G.NL,I
3915,NAVYA.FR,E
3916,ME50P.NL,I
3917,ME50N.NL,I
3918,MDE1P.NL,I
3919,MDE1N.NL,I
3920,MDE1G.NL,I
3921,ALAVY.FR,E
3922,MLNAT.FR,E
3923,A2NB7S.ETR,E
3924,A2NB37.ETR,E
3925,KBX100.ETR,E
3926,A1YC91.ETR,E
3927,IAEM.FR,I
3928,A2JR3A.ETR,E
3929,UCRPI.FR,I
3930,A2NB65.ETR,E
3931,A2G8XP.ETR,E
3932,FRN4P.FR,I
3933,FRN4N.FR,I
3934,FRN4G.FR,I
3935,FRN40.FR,I
3936,A2RNHY.ETR,I
3937,FRA20.FR,I
3938,FR20P.FR,I
3939,FR20N.FR,I
3940,FR20G.FR,I
3941,A2NBX8.ETR,E
3942,FRENE.NL,I
3943,FREEP.NL,I
3944,FREEN.NL,I
3945,FREEG.NL,I
3946,ISXLY.FR,I
3947,ISXLU.FR,I
3948,ISXLI.FR,I
3949,ISXLF.FR,I
3950,ISXLC.FR,I
3951,ISXLK.FR,I
3952,ISXLE.FR,I
3953,ISXLB.FR,I
3954,ISXLV.FR,I
3955,ISXLP.FR,I
3956,WAVE.FR,E
3957,ALMBG.FR,E
3958,IGOAI.FR,I
3959,A2N5RS.ETR,E
3960,A2N5RY.ETR,E
3961,A2N4H0.ETR,E
3962,MLBAR.FR,E
3963,A2N6BH.ETR,E
3964,A2NBTL.ETR,E
3965,IWSRI.FR,I
3966,IUSRI.FR,I
3967,IESRI.FR,I
3968,IEMSA.FR,I
3969,MEDCL.FR,E
3970,A2N6WP.ETR,E
3971,APM.FR,E
3972,GOAII.FR,I
3973,A2N64R.ETR,E
3974,NEOEN.FR,E
3975,MLPRO.FR,E
3976,ALEMV.FR,E
3977,IEMIS.FR,I
3978,ESF5P.NL,I
3979,ESF5G.NL,I
3980,ESF5D.NL,I
3981,ESF5N.NL,I
3982,A2N7XQ.ETR,E
3983,CESG1.NL,I
3984,CEE1P.NL,I
3985,CEE1G.NL,I
3986,CEE1N.NL,I
3987,A161N2.ETR,E
3988,A2NBVD.ETR,E
3989,S30.FR,E
3990,F4RIP.FR,I
3991,F4RIN.FR,I
3992,F4RIG.FR,I
3993,F4RI.FR,I
3994,C6RIP.FR,I
3995,C6RIN.FR,I
3996,C6RIG.FR,I
3997,C6RI.FR,I
3998,EUS5P.NL,I
3999,EUS5N.NL,I
4000,EUS5G.NL,I
4001,EUS5D.NL,I
4002,A2N9D9.ETR,E
4003,ALKKO.FR,E
4004,ALEAC.FR,E
4005,A2N9WV.ETR,E
4006,ALVGO.FR,E
4007,IEEEH.FR,I
4008,IPSPH.FR,I
4009,IUINF.FR,I
4010,A2TSU2.ETR,E
4011,A2PAA5.ETR,E
4012,ALBKK.FR,E
4013,ERI5P.FR,I
4014,ERI5N.FR,I
4015,ERI5G.FR,I
4016,ERI5E.FR,I
4017,ISJPD.FR,I
4018,ISEMD.FR,I
4019,IISED.FR,I
4020,ISUJD.FR,I
4021,ISRIL.FR,I
4022,A2PA9L.ETR,E
4023,ALPRE.FR,E
4024,ISKYE.FR,I
4025,IOBLI.FR,I
4026,ME50G.NL,I
4027,A2PBHR.ETR,E
4028,A2BPNB.ETR,E
4029,A2PBVH.ETR,E
4030,A2PBX0.ETR,E
4031,ILGUS.FR,I
4032,ILGJP.FR,I
4033,ILGGL.FR,I
4034,ILGEU.FR,I
4035,ILGAP.FR,I
4036,AKOM.FR,E
4037,MLBSP.FR,E
4038,AKZA.NL,E
4039,IAFRU.FR,I
4040,IAFRG.FR,I
4041,ICACC.FR,I
4042,PROBT.FR,E
4043,IEMSI.FR,I
4044,EZ3NR.NL,I
4045,EZ3GR.NL,I
4046,EZ300.NL,I
4047,EU5NR.NL,I
4048,EU5GR.NL,I
4049,EU500.NL,I
4050,MLITN.FR,E
4051,ALDBY.FR,E
4052,IESGE.FR,I
4053,ISRIC.FR,I
4054,WLENV.NL,I
4055,WLENP.NL,I
4056,WLENN.NL,I
4057,WLENG.NL,I
4058,EZENV.NL,I
4059,EZENP.NL,I
4060,EZENN.NL,I
4061,EZENG.NL,I
4062,CH0454664001.NL,E
4063,ALCUR.FR,E
4064,SG50P.NL,I
4065,SG50N.NL,I
4066,SG50G.NL,I
4067,SG50D.NL,I
4068,CH0454664027.NL,E
4069,ICBUG.FR,I
4070,A2PE38.ETR,E
4071,MLSKN.FR,E
4072,ISWRD.FR,I
4073,A2PFHR.ETR,E
4074,IPR1Z.FR,I
4075,IPR1W.FR,I
4076,IPR1S.FR,I
4077,IPR1R.FR,I
4078,IPR1J.FR,I
4079,IPR1G.FR,I
4080,IPR1E.FR,I
4081,IPR1C.FR,I
4082,A2PFRC.ETR,E
4083,ALSEI.FR,E
4084,A2PF3K.ETR,E
4085,MLWRC.FR,E
4086,A0LR9G.ETR,E
4087,IRSIJ.FR,I
4088,IRSIE.FR,I
4089,IKELD.FR,I
4090,MBWBT.FR,E
4091,COP5D.NL,I
4092,A2PGJ2.ETR,E
4093,IHMCX.FR,I
4094,ALAMG.FR,E
4095,AXRP.FR,E
4096,CH0454664043.NL,E
4097,ILOWV.FR,I
4098,CHOIX.FR,E
4099,EEFX.FR,E
4100,EEF.FR,E
4101,EAS.FR,E
4102,EENT.FR,E
4103,A2PHHG.ETR,E
4104,MLGML.FR,E
4105,A2PG8A.ETR,E
4106,A2PHG5.ETR,E
4107,A2TR91.ETR,E
4108,A2PJSK.ETR,E
4109,A2PKHA.ETR,E
4110,A2PKRR.ETR,E
4111,IPTPX.FR,I
4112,IPTPH.FR,I
4113,IPE50.FR,I
4114,IPCEU.FR,I
4115,IPANX.FR,I
4116,IPALA.FR,I
4117,IPAEE.FR,I
4118,IPAAS.FR,I
4119,IP50H.FR,I
4120,IKWEB.FR,I
4121,A0Z3NR.ETR,I
4122,TOM2.NL,E
4123,A2PK6Z.ETR,E
4124,TRAT0N.ETR,E
4125,INREF.FR,I
4126,A2PLC1.ETR,E
4127,ALVAP.FR,E
4128,IGOLD.FR,I
4129,I2GOL.NL,I
4130,A2PLC7.ETR,E
4131,A2PLR5.ETR,E
4132,CLIFL.FR,I
4133,ESGEL.NL,I
4134,ICEUU.FR,I
4135,A2PLUG.ETR,E
4136,ALM.FR,E
4137,FAST.NL,E
4138,FRTPR.FR,I
4139,FRTGR.FR,I
4140,FRTEK.FR,I
4141,A2YNT3.ETR,E
4142,IICHN.FR,I
4143,AEX7S.FR,I
4144,ISGLU.FR,I
4145,IPR1U.FR,I
4146,CAC5L.FR,I
4147,CA12S.FR,I
4148,CA10L.FR,I
4149,CAC6S.FR,I
4150,CAC7S.FR,I
4151,CAC5S.FR,I
4152,CAC4S.FR,I
4153,CAC6L.FR,I
4154,CA10S.FR,I
4155,CAC7L.FR,I
4156,CAC4L.FR,I
4157,CAC3L.FR,I
4158,CAC3S.FR,I
4159,A2PM3H.ETR,E
4160,CLA.FR,E
4161,ABCH.FR,E
4162,CH0475552201.NL,E
4163,ESGFL.FR,I
4164,IFXUS.FR,I
4165,IFXIT.FR,I
4166,ALGTR.FR,E
4167,NWRK01.ETR,E
4168,MLCMG.FR,E
4169,ALKER.FR,E
4170,A2PN69.ETR,E
4171,A2PPE1.ETR,E
4172,ICNYB.FR,I
4173,MLIPO.FR,E
4174,A2PPTN.ETR,E
4175,A2YN77.ETR,E
4176,ALKOM.FR,E
4177,A2YPDD.ETR,E
4178,A2YN70.ETR,E
4179,IGOVT.FR,I
4180,PRX.NL,E
4181,A2PRDK.ETR,E
4182,A2YN99.ETR,E
4183,A2PRCJ.ETR,E
4184,A2YN90.ETR,E
4185,A2PRLS.ETR,E
4186,A2PSFR.ETR,E
4187,ISTPU.FR,I
4188,A2PR0M.ETR,E
4189,INRP3.FR,I
4190,IPR1P.FR,I
4191,WLESG.FR,I
4192,WESGP.FR,I
4193,WESGN.FR,I
4194,WESGG.FR,I
4195,ESGTP.FR,I
4196,ESGTN.FR,I
4197,ESGTL.FR,I
4198,ESGTG.FR,I
4199,A2PSR2.ETR,E
4200,A2YN37.ETR,E
4201,ZEAL24.ETR,E
4202,3OHM.FR,I
4203,3OHG.FR,I
4204,3OB1.FR,I
4205,IMVUS.FR,I
4206,IS6EW.FR,I
4207,VRLA.FR,E
4208,WATPR.FR,I
4209,WATNR.FR,I
4210,WATGR.FR,I
4211,WAT5D.FR,I
4212,WAT4D.FR,I
4213,I600X.FR,I
4214,EZESG.FR,I
4215,EESGP.FR,I
4216,EESGN.FR,I
4217,EESGG.FR,I
4218,ALBOO.FR,E
4219,FRESG.FR,I
4220,FESGP.FR,I
4221,FESGN.FR,I
4222,FESGG.FR,I
4223,BNBA.FR,E
4224,CH0496454155.NL,E
4225,ITRYU.FR,I
4226,INTRY.FR,I
4227,INITY.FR,I
4228,IITYU.FR,I
4229,ALHGR.FR,E
4230,ESGED.NL,I
4231,IWITS.FR,I
4232,IWHCS.FR,I
4233,IWENS.FR,I
4234,IWCSS.FR,I
4235,IWCDS.FR,I
4236,INSRI.FR,I
4237,A255G0.ETR,E
4238,MLALE.FR,E
4239,IBINF.FR,I
4240,I2BIN.NL,I
4241,A2PUCU.ETR,E
4242,A255G3.ETR,E
4243,AXTZ.FR,E
4244,CH0491507486.NL,E
4245,A2PUXE.ETR,E
4246,ICYBU.FR,I
4247,GRE5P.FR,I
4248,GRE5N.FR,I
4249,GRE5G.FR,I
4250,GRE50.FR,I
4251,A2PUZ3.ETR,E
4252,FDJ.FR,E
4253,ICMUD.FR,I
4254,GREG5.FR,I
4255,INIC5.FR,I
4256,INIC3.FR,I
4257,INEAL.FR,I
4258,IEHYA.FR,I
4259,IDHYE.FR,I
4260,ALAGP.FR,E
4261,IFSOV.FR,I
4262,IIMBE.FR,I
4263,IEHYD.FR,I
4264,IDHYD.FR,I
4265,A0Z3NB.ETR,I
4266,MLMAQ.FR,E
4267,ALMAR.FR,E
4268,WNDL20.ETR,E
4269,I500X.FR,I
4270,A2PWMZ.ETR,E
4271,IDDBB.FR,I
4272,ALSAF.FR,E
4273,ESGDE.NL,I
4274,MLIRF.FR,E
4275,MASBS.FR,E
4276,QWABS.FR,E
4277,A2PXQD.ETR,E
4278,ALIMP.FR,E
4279,A25421.ETR,E
4280,A2PX9L.ETR,E
4281,CH0514065058.NL,E
4282,ROCBT.FR,E
4283,ESGZD.FR,I
4284,ESGFR.FR,I
4285,ESGFP.FR,I
4286,ESGFN.FR,I
4287,ESGFG.FR,I
4288,ESGEZ.FR,I
4289,ESGEP.FR,I
4290,ESGEN.FR,I
4291,ESGEG.FR,I
4292,IROAI.FR,I
4293,IPRAS.FR,I
4294,IPRAR.FR,I
4295,IPRAP.FR,I
4296,IPRAG.FR,I
4297,IPRAC.FR,I
4298,ESG4E.FR,I
4299,A25429.ETR,E
4300,ALPAU.FR,E
4301,ALMUN.FR,E
4302,GRF5P.FR,I
4303,GRF5N.FR,I
4304,GRF5G.FR,I
4305,GRF50.FR,I
4306,IPRAE.FR,I
4307,IPRAJ.FR,I
4308,IPRAU.FR,I
4309,IPRAW.FR,I
4310,IPRAZ.FR,I
4311,A254W5.ETR,E
4312,A2PZZV.ETR,E
4313,A2PZ0R.ETR,E
4314,A2PZ2D.ETR,E
4315,ALMKS.FR,E
4316,ALVMG.FR,E
4317,EUPE5.FR,I
4318,EPEGP.FR,I
4319,EPEGN.FR,I
4320,EPEGG.FR,I
4321,CLAEZ.FR,I
4322,CLAEP.FR,I
4323,CLAEN.FR,I
4324,CLAEG.FR,I
4325,JDEP.NL,E
4326,A2P0E9.ETR,E
4327,NACON.FR,E
4328,IN00H.FR,I
4329,ISUOU.FR,I
4330,ISUOA.FR,I
4331,ISMUA.FR,I
4332,ISMDU.FR,I
4333,ICT2B.FR,I
4334,ICITY.FR,I
4335,ECO4D.FR,I
4336,ALGAU.FR,E
4337,A2P1UY.ETR,E
4338,A2P1UZ.ETR,E
4339,IUEDD.FR,I
4340,ICLUS.FR,I
4341,ICLEM.FR,I
4342,DE000A27Z304.NL,E
4343,TCH.FR,E
4344,ALE15.FR,I
4345,CSH15.FR,I
4346,CLE15.FR,I
4347,ALE10.FR,I
4348,MLISP.FR,E
4349,IIFFI.FR,I
4350,GEPBS.FR,E
4351,TSLS.FR,E
4352,TSL2.FR,E
4353,BLUBT.FR,E
4354,ESGNR.FR,I
4355,ESGD5.FR,I
4356,ESGGR.FR,I
4357,ESGD4.FR,I
4358,ESG8E.FR,I
4359,ESG8D.FR,I
4360,ENESG.FR,I
4361,VK.FR,E
4362,A2P205.ETR,E
4363,CYBK1.FR,E
4364,CYBKA.FR,E
4365,CYBKB.FR,E
4366,IJPJY.FR,I
4367,ICLWD.FR,I
4368,ICLEU.FR,I
4369,BPSBS.FR,E
4370,IUNIC.FR,I
4371,IMILL.FR,I
4372,IIQCT.FR,I
4373,IELCR.FR,I
4374,IEBUY.FR,I
4375,IMVEW.FR,I
4376,IMVEA.FR,I
4377,DE000A28M8D0.NL,E
4378,IICHD.FR,I
4379,FRREN.FR,I
4380,FRRE.FR,I
4381,FREN4.FR,I
4382,NLREG.NL,I
4383,NLRE.NL,I
4384,A2P4A9.ETR,E
4385,A2P4HL.ETR,E
4386,IWQDA.FR,I
4387,ICYBA.FR,I
4388,A2LQ88.ETR,E
4389,A28890.ETR,E
4390,IBRNT.FR,I
4391,MLINT.FR,E
4392,ISRHE.FR,I
4393,ISBIZ.FR,I
4394,ISBIW.FR,I
4395,ISBIU.FR,I
4396,ISBIE.FR,I
4397,ISADW.FR,I
4398,ISADU.FR,I
4399,ISADE.FR,I
4400,A2P4LJ.ETR,E
4401,IC53D.FR,I
4402,AMD2.FR,E
4403,BAB2.FR,E
4404,MU2.FR,E
4405,TWT2.FR,E
4406,UBR2.FR,E
4407,AAP3.FR,E
4408,AMZ3.FR,E
4409,CRM3.FR,E
4410,FB3.FR,E
4411,GOO3.FR,E
4412,MSF3.FR,E
4413,NFL3.FR,E
4414,NVD3.FR,E
4415,AMDS.FR,E
4416,AMZS.FR,E
4417,APLS.FR,E
4418,BABS.FR,E
4419,CRMS.FR,E
4420,FBS.FR,E
4421,GOOS.FR,E
4422,MSFS.FR,E
4423,MUSE.FR,E
4424,NFLS.FR,E
4425,NVDS.FR,E
4426,TWTS.FR,E
4427,UBRS.FR,E
4428,A3CK3R.ETR,I
4429,A3CK3N.ETR,I
4430,A3CK3M.ETR,I
4431,A3CK3P.ETR,I
4432,A3CK3Q.ETR,I
4433,IMFEC.FR,I
4434,A2P6UE.ETR,E
4435,PREVA.NL,E
4436,IFXWO.FR,I
4437,IIUHE.FR,I
4438,CLEW4.FR,I
4439,A3CK35.ETR,I
4440,A3CK37.ETR,I
4441,A3CK34.ETR,I
4442,A289B0.ETR,E
4443,A3CK39.ETR,I
4444,A3CK38.ETR,I
4445,A3CK36.ETR,I
4446,MLAGP.FR,E
4447,BIOBS.FR,E
4448,ALEUP.FR,E
4449,ISRIH.FR,I
4450,ISADM.FR,I
4451,IHSJD.FR,I
4452,IHSUD.FR,I
4453,IHSEU.FR,I
4454,A2P739.ETR,E
4455,A2P75D.ETR,E
4456,LTT247.ETR,E
4457,A2P71U.ETR,E
4458,SAFH00.ETR,E
4459,IEPAB.FR,I
4460,ILWCE.FR,I
4461,IPABE.FR,I
4462,IPABZ.FR,I
4463,ALNRG.FR,E
4464,IPR1H.FR,I
4465,IAGUG.FR,I
4466,IEGRI.FR,I
4467,A2P9T5.ETR,E
4468,IPR1T.FR,I
4469,CAC3V.FR,I
4470,LUCBS.FR,E
4471,MLORB.FR,E
4472,ORAPB.FR,E
4473,MLVRF.FR,E
4474,A289VV.ETR,E
4475,IIAEA.FR,I
4476,IHSWD.FR,I
4477,IUSRU.FR,I
4478,ENER6Y.ETR,E
4479,NA5GR.NL,I
4480,IUMDV.FR,I
4481,NA5NR.NL,I
4482,NA500.NL,I
4483,A2QAZJ.ETR,E
4484,A3CK6C.ETR,I
4485,TECBS.FR,E
4486,A3CK6D.ETR,I
4487,A2QA4J.ETR,E
4488,A2QAME.ETR,E
4489,MLARO.FR,E
4490,ALCG.FR,E
4491,A289V0.ETR,E
4492,A2YN50.ETR,E
4493,AVT.FR,E
4494,IGLOW.FR,I
4495,HAG000.ETR,E
4496,A2QB38.ETR,E
4497,TBMBT.FR,E
4498,A2QCEQ.ETR,E
4499,IWVAL.FR,I
4500,IGLDU.FR,I
4501,XBTI.FR,E
4502,DE000A3GK2N1.NL,E
4503,I2SAD.FR,I
4504,A2QDNX.ETR,E
4505,IHSXD.FR,I
4506,IHSEM.FR,I
4507,ECC5P.FR,I
4508,ECC5N.FR,I
4509,ECC5G.FR,I
4510,ECC5D.FR,I
4511,II500.FR,I
4512,IPABW.FR,I
4513,MLHAY.FR,E
4514,ISBIM.FR,I
4515,FRE4N.FR,I
4516,EZEN4.FR,I
4517,A3H210.ETR,E
4518,ALECO.FR,E
4519,IBLUE.FR,I
4520,IRPAB.FR,I
4521,A2QEFA.ETR,E
4522,ISUWU.FR,I
4523,MLLCB.FR,E
4524,IHSUK.FR,I
4525,XEDRI.FR,I
4526,ISPPR.FR,I
4527,IPRAB.FR,I
4528,LOCAL.FR,E
4529,IJARI.FR,I
4530,FATL.FR,E
4531,A3H213.ETR,E
4532,A3H220.ETR,E
4533,A2QH97.ETR,E
4534,DE000A3GMKD7.NL,E
4535,A3H218.ETR,E
4536,A2QG35.ETR,E
4537,IMVLD.FR,I
4538,IIDSE.FR,I
4539,A3H222.ETR,E
4540,ERF.FR,E
4541,DSC2.NL,E
4542,DSC2S.NL,E
4543,DSCW1.NL,E
4544,DSCW2.NL,E
4545,DSCW3.NL,E
4546,MLCSA.FR,E
4547,MLCSB.FR,E
4548,ISADH.FR,I
4549,IGOVA.FR,I
4550,ALCHI.FR,E
4551,IEDRI.FR,I
4552,A2QJVE.ETR,E
4553,VVY.NL,E
4554,A2QJV6.ETR,E
4555,2MX.FR,E
4556,ALWF.FR,E
4557,2MXBS.FR,E
4558,ALIMO.FR,E
4559,IDECD.FR,I
4560,IHSTE.FR,I
4561,WAF301.ETR,E
4562,IWESG.FR,I
4563,IPABU.FR,I
4564,IGPAB.FR,I
4565,IEESG.FR,I
4566,ECC3D.FR,I
4567,A3H233.ETR,E
4568,IMWSH.FR,I
4569,MLHPI.FR,E
4570,ACNV.FR,E
4571,CDANV.FR,E
4572,STLA.FR,E
4573,A2QL01.ETR,E
4574,MAKB2.FR,E
4575,EZWTR.NL,I
4576,EZWTP.NL,I
4577,EZWTN.NL,I
4578,EZWTG.NL,I
4579,DE000A3GN5J9.NL,E
4580,ELTC.FR,E
4581,I2AAP.FR,I
4582,I2AMD.FR,I
4583,I2AMZ.FR,I
4584,I2BA.FR,I
4585,I2CIT.FR,I
4586,I2CRM.FR,I
4587,I2FB.FR,I
4588,I2GOO.FR,I
4589,I2GS.FR,I
4590,I2JPM.FR,I
4591,I2MSF.FR,I
4592,I2MU.FR,I
4593,I2NFL.FR,I
4594,I2NVD.FR,I
4595,I2TSL.FR,I
4596,I2TWT.FR,I
4597,I2UBR.FR,I
4598,I2VIS.FR,I
4599,I3AAP.FR,I
4600,I3AMZ.FR,I
4601,I3CRM.FR,I
4602,I3FB.FR,I
4603,I3GOO.FR,I
4604,I3MSF.FR,I
4605,I3NFL.FR,I
4606,I3NVD.FR,I
4607,ISAMD.FR,I
4608,ISAMZ.FR,I
4609,ISAPL.FR,I
4610,ISBAB.FR,I
4611,ISCRM.FR,I
4612,ISFB.FR,I
4613,ISGOO.FR,I
4614,ISMSF.FR,I
4615,ISMU.FR,I
4616,ISNFL.FR,I
4617,ISNVD.FR,I
4618,ISTSL.FR,I
4619,ISTWT.FR,I
4620,ISUBR.FR,I
4621,A2QMYN.ETR,E
4622,A2QM3K.ETR,E
4623,INPST.NL,E
4624,IVIS2.FR,I
4625,IUBRS.FR,I
4626,IUBR2.FR,I
4627,ITWT2.FR,I
4628,ITSLS.FR,I
4629,ITWTS.FR,I
4630,ITSL2.FR,I
4631,INVDS.FR,I
4632,INVD3.FR,I
4633,INFLS.FR,I
4634,INVD2.FR,I
4635,INFL3.FR,I
4636,INFL2.FR,I
4637,IMUSE.FR,I
4638,IMU2.FR,I
4639,IMSFS.FR,I
4640,IMSF3.FR,I
4641,IMSF2.FR,I
4642,IJPM2.FR,I
4643,IJARH.FR,I
4644,IGS2.FR,I
4645,IGOOS.FR,I
4646,IGOO3.FR,I
4647,IGOO2.FR,I
4648,IFBS.FR,I
4649,IFB3.FR,I
4650,IFB2.FR,I
4651,ICRM3.FR,I
4652,ICRMS.FR,I
4653,ICRM2.FR,I
4654,ICIT2.FR,I
4655,IBABS.FR,I
4656,IBAB2.FR,I
4657,IAPLS.FR,I
4658,IAMZS.FR,I
4659,IAMZ3.FR,I
4660,IAMZ2.FR,I
4661,IAMDS.FR,I
4662,IAMD2.FR,I
4663,IAAP2.FR,I
4664,IAAP3.FR,I
4665,A2QQMK.ETR,E
4666,ILJPN.FR,I
4667,ADOT.FR,E
4668,CH0593331561.NL,E
4669,DE000A3GPSP7.NL,E
4670,NLUTG.NL,I
4671,NLUT.NL,I
4672,ALPHE.FR,E
4673,A3H3LB.ETR,E
4674,ALHRS.FR,E
4675,A2QN3E.ETR,E
4676,A3H3LL.ETR,E
4677,ALMDP.FR,E
4678,A3H3L4.ETR,E
4679,ESG.NL,E
4680,ESGT.NL,E
4681,ESGWA.NL,E
4682,MLBMD.FR,E
4683,NR21.FR,E
4684,TE.FR,E
4685,AS5GR.NL,I
4686,AS5NR.NL,I
4687,AS500.NL,I
4688,ILERN.FR,I
4689,IFOOD.FR,I
4690,ICYBR.FR,I
4691,IQCLN.FR,I
4692,CAIN3.NL,I
4693,CAIN2.NL,I
4694,IV80D.FR,I
4695,IV80A.FR,I
4696,IV60D.FR,I
4697,IV60A.FR,I
4698,IV40D.FR,I
4699,IV40A.FR,I
4700,IV20D.FR,I
4701,IV20A.FR,I
4702,A2QQQU.ETR,E
4703,IEMBH.FR,I
4704,IGEMU.FR,I
4705,IEMBI.FR,I
4706,ILCJP.FR,I
4707,ICYBE.FR,I
4708,IQVFD.FR,I
4709,IQDFD.FR,I
4710,A2QQVE.ETR,E
4711,A2QP7J.ETR,E
4712,A255F1.ETR,E
4713,IPABH.FR,I
4714,IFCSG.FR,I
4715,A3CLUM.ETR,I
4716,A3CLUK.ETR,I
4717,A3CLUL.ETR,I
4718,A3CLUH.ETR,I
4719,A3CLUJ.ETR,I
4720,A3CLUN.ETR,I
4721,A2QRHL.ETR,E
4722,CTPNV.NL,E
4723,ZMS.FR,E
4724,ZM3.FR,E
4725,SVOD.FR,E
4726,VDF3.FR,E
4727,TSL3.FR,E
4728,TS2S.FR,E
4729,SQS.FR,E
4730,SHOS.FR,E
4731,RDSS.FR,E
4732,SQ3.FR,E
4733,PYPS.FR,E
4734,SJPM.FR,E
4735,SHSB.FR,E
4736,SHO3.FR,E
4737,SGS.FR,E
4738,CITS.FR,E
4739,BPS.FR,E
4740,SBCS.FR,E
4741,BAES.FR,E
4742,RSH3.FR,E
4743,PYP3.FR,E
4744,HSC3.FR,E
4745,BP3L.FR,E
4746,BCS3.FR,E
4747,BA3.FR,E
4748,CESGP.FR,I
4749,CESGN.FR,I
4750,CESGG.FR,I
4751,CED5.FR,I
4752,CED45.FR,I
4753,CED4.FR,I
4754,CED35.FR,I
4755,CED3.FR,I
4756,EFICW.NL,E
4757,EFICT.NL,E
4758,EFIC1.NL,E
4759,IHYSR.FR,I
4760,IHSRI.FR,I
4761,IUCRH.FR,I
4762,IIGEM.FR,I
4763,IIGAE.FR,I
4764,ICGGD.FR,I
4765,A3CL3U.ETR,I
4766,IECR1.FR,I
4767,EUEPR.FR,I
4768,EUENR.FR,I
4769,EUEGR.FR,I
4770,EUED5.FR,I
4771,EEEPR.FR,I
4772,EEENR.FR,I
4773,EEEGR.FR,I
4774,EEED5.FR,I
4775,MLINM.FR,E
4776,A3CMNS.ETR,E
4777,IZMS.FR,I
4778,IZM3.FR,I
4779,IVDF3.FR,I
4780,IV3AL.FR,I
4781,IV3AA.FR,I
4782,ITS2S.FR,I
4783,ISVOD.FR,I
4784,ISQS.FR,I
4785,ISQ3.FR,I
4786,ISJPM.FR,I
4787,ISHSB.FR,I
4788,ISHOS.FR,I
4789,ISHO3.FR,I
4790,ISGS.FR,I
4791,ISBCS.FR,I
4792,IRSH3.FR,I
4793,IRDSS.FR,I
4794,IPYPS.FR,I
4795,IPYP3.FR,I
4796,IHSC3.FR,I
4797,ICITS.FR,I
4798,IBPS.FR,I
4799,IBP3L.FR,I
4800,IBCS3.FR,I
4801,IBAES.FR,I
4802,IBA3.FR,I
4803,IVODS.NL,I
4804,ITSL3.NL,I
4805,ISZM.NL,I
4806,ISSQ.NL,I
4807,ISSHO.NL,I
4808,ISRDS.NL,I
4809,ISPYP.NL,I
4810,ISCIT.NL,I
4811,ISBP.NL,I
4812,ISBA.NL,I
4813,IJPMS.NL,I
4814,IHSBS.NL,I
4815,IGSSS.NL,I
4816,IBCSS.NL,I
4817,I3ZM.NL,I
4818,I3VOD.NL,I
4819,I3TSL.NL,I
4820,I3SQ.NL,I
4821,I3SHP.NL,I
4822,I3RDS.NL,I
4823,I3PYP.NL,I
4824,I3HSB.NL,I
4825,I3BP.NL,I
4826,I3BAC.NL,I
4827,I3BA.NL,I
4828,I2STS.NL,I
4829,A2TSL7.ETR,E
4830,BANKN.NL,I
4831,BANKG.NL,I
4832,BANKD.NL,I
4833,BANK.NL,I
4834,MAG000.ETR,E
4835,MLORQ.FR,E
4836,A3CMGM.ETR,E
4837,A3CM2W.ETR,E
4838,MLNDG.FR,E
4839,A3E5A5.ETR,E
4840,A2TSQH.ETR,E
4841,A3CM9E.ETR,E
4842,ALLGO.FR,E
4843,IPABC.FR,I
4844,IJUPI.FR,I
4845,AXLM.FR,E
4846,CH1109575535.NL,E
4847,LC3WP.FR,I
4848,LC3WG.FR,I
4849,LC3W.FR,I
4850,LC1EZ.FR,I
4851,LC1EP.FR,I
4852,LC1EG.FR,I
4853,ALLFG.NL,E
4854,A3CNLD.ETR,E
4855,A3CNK4.ETR,E
4856,ALHGO.FR,E
4857,IWPAD.FR,I
4858,IWPAB.FR,I
4859,IUPAB.FR,I
4860,PACE.NL,E
4861,PACEU.NL,E
4862,A3CMGN.ETR,E
4863,SUSE5A.ETR,E
4864,PACEW.NL,E
4865,IEXCH.FR,I
4866,IFINS.FR,I
4867,ICGBI.FR,I
4868,EXPL.FR,E
4869,FPABN.FR,I
4870,FPABP.FR,I
4871,FPABG.FR,I
4872,FPAB5.FR,I
4873,ETEGN.FR,I
4874,ETE5P.FR,I
4875,ETE5G.FR,I
4876,ETE5D.FR,I
4877,A3CN9R.ETR,E
4878,A3CPKP.ETR,E
4879,MLPAP.FR,E
4880,IJAPB.FR,I
4881,TCEPR.FR,I
4882,TCENR.FR,I
4883,TCEGR.FR,I
4884,TCED5.FR,I
4885,HEGAU.NL,E
4886,HEGA.NL,E
4887,IWESE.FR,I
4888,IESGH.FR,I
4889,IAGGH.FR,I
4890,IWFNS.FR,I
4891,ALBIZ.FR,E
4892,IV3GF.FR,I
4893,IV3GE.FR,I
4894,FUR.NL,E
4895,IUBR3.FR,I
4896,ITWT3.FR,I
4897,ITSLA.FR,I
4898,ISHFY.FR,I
4899,INFLX.FR,I
4900,IMSFT.FR,I
4901,IGOOG.FR,I
4902,IFB1X.FR,I
4903,ICOIB.FR,I
4904,IBAB3.FR,I
4905,IAMZN.FR,I
4906,IAMD3.FR,I
4907,IAAPL.FR,I
4908,I3UBR.FR,I
4909,I3TWT.FR,I
4910,I3BAB.FR,I
4911,I3AMD.FR,I
4912,I1TSL.FR,I
4913,I1SHO.FR,I
4914,I1NFL.FR,I
4915,I1MSF.FR,I
4916,I1GOO.FR,I
4917,I1FB.FR,I
4918,I1COI.FR,I
4919,I1AMZ.FR,I
4920,I1AAP.FR,I
4921,VTSC01.ETR,E
4922,AAC.FR,E
4923,A3E5E5.ETR,E
4924,DSY.FR,E
4925,IZETH.FR,I
4926,ISBTC.FR,I
4927,IBTCW.FR,I
4928,IVETH.FR,I
4929,IVBTC.FR,I
4930,IETHW.FR,I
4931,IZETU.FR,I
4932,IWETH.FR,I
4933,IWBTC.FR,I
4934,IBTCU.FR,I
4935,I2VET.FR,I
4936,IBTCE.FR,I
4937,IAETH.FR,I
4938,IABTC.FR,I
4939,I2VBT.FR,I
4940,A3E5CC.ETR,E
4941,A3CQ7F.ETR,E
4942,GOVEZ.FR,I
4943,GOVEP.FR,I
4944,GOVEN.FR,I
4945,GOVEG.FR,I
4946,EPABP.FR,I
4947,EPABN.FR,I
4948,EPABG.FR,I
4949,EPAB5.FR,I
4950,CPABP.FR,I
4951,CPABN.FR,I
4952,CPABG.FR,I
4953,CPAB5.FR,I
4954,IBTCS.FR,I
4955,I2ETH.FR,I
4956,I2BTC.FR,I
4957,IUEDV.FR,I
4958,IGEDV.FR,I
4959,IEEDV.FR,I
4960,NXFIL.NL,E
4961,ALNMR.FR,E
4962,SGDBS.FR,E
4963,BLV.FR,E
4964,AFME.FR,E
4965,SES5N.NL,I
4966,SES5P.NL,I
4967,SES5G.NL,I
4968,SES50.NL,I
4969,A3CRRN.ETR,E
4970,MLVIE.FR,E
4971,ALVET.FR,E
4972,RWI.NL,E
4973,IUSCE.FR,I
4974,A3CSAE.ETR,E
4975,ALODC.FR,E
4976,IWLD1.FR,I
4977,ARAMI.FR,E
4978,VIVBS.FR,E
4979,ITSLQ.FR,I
4980,ISROK.FR,I
4981,ISJD.FR,I
4982,ISDIS.FR,I
4983,ITS3S.FR,I
4984,ISPTO.FR,I
4985,ISPLR.FR,I
4986,ISE1X.FR,I
4987,ISPLU.FR,I
4988,ISBI1.FR,I
4989,ISABN.FR,I
4990,IROKS.FR,I
4991,IROK3.FR,I
4992,IPTOS.FR,I
4993,IPTO3.FR,I
4994,IPLU3.FR,I
4995,IPLTS.FR,I
4996,IPLUG.FR,I
4997,IPLTR.FR,I
4998,IPLT3.FR,I
4999,IPLGS.FR,I
5000,IPDD.FR,I
5001,INIO.FR,I
5002,IJD3.FR,I
5003,IJD1X.FR,I
5004,IJD1S.FR,I
5005,IEGEB.FR,I
5006,IDISS.FR,I
5007,IDIS3.FR,I
5008,IBIUS.FR,I
5009,IBIDU.FR,I
5010,IBID3.FR,I
5011,IABNS.FR,I
5012,IABNB.FR,I
5013,IABN3.FR,I
5014,I3ROK.FR,I
5015,I3PTO.FR,I
5016,I3PLU.FR,I
5017,I3PLT.FR,I
5018,I3JD.FR,I
5019,I3DIS.FR,I
5020,I3BID.FR,I
5021,I3ABN.FR,I
5022,I1SE.FR,I
5023,I1PLU.FR,I
5024,I1PLT.FR,I
5025,I1PDD.FR,I
5026,I1NIO.FR,I
5027,I1JD.FR,I
5028,I1BID.FR,I
5029,I1ABN.FR,I
5030,A3E5B5.ETR,E
5031,CPA1.NL,E
5032,CPA1W.NL,E
5033,TRAN.FR,E
5034,IEGRO.FR,I
5035,HDF.FR,E
5036,MLCAS.FR,E
5037,A3CSWZ.ETR,E
5038,CH1114873776.NL,E
5039,ASOL.FR,E
5040,ALBOA.FR,E
5041,DEE.FR,E
5042,DEEW.FR,E
5043,IUIFH.FR,I
5044,A3CSML.ETR,E
5045,GNE.FR,E
5046,A3CS4Z.ETR,E
5047,A3E5C0.ETR,E
5048,A3E5D5.ETR,E
5049,VDOT.NL,E
5050,DE000A3GSUC5.FR,E
5051,ALAMA.FR,E
5052,A3E5D6.ETR,E
5053,VSOL.NL,E
5054,DE000A3GSUD3.FR,E
5055,ENVI.NL,E
5056,VTRX.NL,E
5057,DE000A3GSUE1.FR,E
5058,VAPBS.FR,E
5059,MLJDL.FR,E
5060,CTCA1.NL,E
5061,CTCW1.NL,E
5062,CTCT1.NL,E
5063,ILCWL.FR,I
5064,I7USH.FR,I
5065,VKBS.FR,E
5066,ALNFL.FR,E
5067,IBNKT.FR,I
5068,OLNV.FR,E
5069,ODYSY.NL,E
5070,ODYSW.NL,E
5071,IXBTI.FR,I
5072,IIUVE.FR,I
5073,IIUME.FR,I
5074,I2XBT.FR,I
5076,MLMIV.FR,E
5077,ALSPT.FR,E
5078,EWCSP.FR,I
5079,EWCSN.FR,I
5080,EWCSG.FR,I
5081,NAITR.NL,E
5082,NAI.NL,E
5083,MLWIZ.FR,E
5084,IERTH.FR,I
5085,AACW.FR,E
5086,ALAGO.FR,E
5087,PREC.FR,E
5088,A3E5C4.ETR,E
5089,ALENO.FR,E
5090,EVEWP.FR,I
5091,EVEWN.FR,I
5092,EVEWG.FR,I
5093,A3CWHH.ETR,E
5094,ALIKO.FR,E
5095,EZSFP.FR,I
5096,EZSFN.FR,I
5097,EZSFG.FR,I
5098,EZSFD.FR,I
5099,VAM.NL,E
5100,ENTPA.NL,E
5101,ENTPT.NL,E
5102,ENTPW.NL,E
5103,MLIFS.FR,E
5104,ESGEC.FR,I
5105,ESGCP.FR,I
5106,ESGCN.FR,I
5107,ESGCG.FR,I
5108,VAMT.NL,E
5109,I2PO.FR,E
5110,I2POW.FR,E
5111,ALDOL.FR,E
5112,TRANW.FR,E
5113,ICHIA.FR,I
5114,ICHIE.FR,I
5115,DE000A3GTBU5.NL,E
5116,BTCH.FR,E
5117,MLAIR.FR,E
5118,TESGN.FR,I
5119,TLESG.FR,I
5120,TESGP.FR,I
5121,TESGG.FR,I
5122,MLECE.FR,E
5123,IMPAB.FR,I
5124,IEUPB.FR,I
5125,IEPAD.FR,I
5126,IEMPA.FR,I
5127,ISFNG.FR,I
5128,IFANG.FR,I
5129,ISEMI.FR,I
5130,ALCYB.FR,E
5131,IHPAW.FR,I
5132,IHPAU.FR,I
5133,IHPAE.FR,I
5134,MLCAN.FR,E
5135,A3E5DF.ETR,E
5136,ISGFM.FR,I
5137,ISFTG.FR,I
5138,IGFAM.FR,I
5139,IFTNG.FR,I
5140,I3SFT.FR,I
5141,I3GFM.FR,I
5142,I3FTG.FR,I
5143,I3SGF.FR,I
5144,I3SFG.FR,I
5145,I3FNG.FR,I
5146,CLAMP.FR,I
5147,CLAMN.FR,I
5148,CLAMG.FR,I
5149,CLAMB.FR,I
5150,ALMND.FR,E
5151,A3E5C5.ETR,E
5152,ISADA.FR,I
5153,IPLAN.FR,I
5154,ENWP.NL,I
5155,ENWN.NL,I
5156,ENWG.NL,I
5157,ENDMP.NL,I
5158,ENDMN.NL,I
5159,ENDMG.NL,I
5160,IAGGE.FR,I
5161,MLABC.FR,E
5162,ECMPA.NL,E
5163,AM.FR,E
5164,FLO.FR,E
5165,ISUSW.FR,I
5166,ISUAU.FR,I
5167,IOPEN.FR,I
5168,ILOCK.FR,I
5169,IIOGP.FR,I
5170,IIFRE.FR,I
5171,IHEAL.FR,I
5172,IEXS1.FR,I
5173,IECAR.FR,I
5174,IDGTL.FR,I
5175,ICNYA.FR,I
5176,ICEMG.FR,I
5177,IAGED.FR,I
5178,A3E5DK.ETR,E
5179,I2BIT.FR,I
5180,I2CET.FR,I
5181,IBITC.FR,I
5182,ICETH.FR,I
5183,ISGQA.FR,I
5184,IU710.FR,I
5185,IU13H.FR,I
5186,IU10H.FR,I
5187,IUSPA.FR,I
5188,IPARI.FR,I
5189,IH2OA.FR,I
5190,IFXAC.FR,I
5191,IFLXK.FR,I
5192,IFLXI.FR,I
5193,IFLXG.FR,I
5194,IFLXC.FR,I
5195,IFLXB.FR,I
5196,IFLRG.FR,I
5197,UMG.NL,E
5198,ALAFY.FR,E
5199,A3E5DT.ETR,E
5200,A3E5ED.ETR,E
5201,ANTIN.FR,E
5202,MLARI.FR,E
5203,EXN.FR,E
5204,ALAIR.FR,E
5205,CAIN4.NL,I
5206,FRSOP.FR,I
5207,FRSOG.FR,I
5208,FRSOC.FR,I
5209,FRSON.FR,I
5210,MAJ.NL,E
5211,ICUIK.FR,I
5212,IASOL.FR,I
5213,IADOT.FR,I
5214,I2ASO.FR,I
5215,I2ADO.FR,I
5216,A3E5D0.ETR,E
5217,ALICR.FR,E
5218,ALESE.FR,E
5219,IVDOT.FR,I
5220,I2VSO.FR,I
5221,I2VDO.FR,I
5222,IVTRX.FR,I
5223,IVSOL.FR,I
5224,I2VTR.FR,I
5225,IQVFE.FR,I
5226,IQDFE.FR,I
5227,A3E5DP.ETR,E
5228,MLSCI.FR,E
5229,IPRAM.FR,I
5230,IPABV.FR,I
5231,A3E5E6.ETR,E
5232,A3E5EU.ETR,E
5233,ALAUD.FR,E
5234,A3E5E4.ETR,E
5235,USCLN.FR,I
5236,USCLG.FR,I
5237,USCLE.FR,I
5238,USCLA.FR,I
5239,USCEN.FR,I
5240,USCEG.FR,I
5241,EZCLN.FR,I
5242,EZCLG.FR,I
5243,EZCLA.FR,I
5244,TUAG1D.ETR,E
5245,A3C4QG.ETR,E
5246,DCACS.NL,E
5247,DCACW.NL,E
5248,OVH.FR,E
5249,IBNBA.FR,I
5250,IAXTZ.FR,I
5251,IAXRP.FR,I
5252,IAXLM.FR,I
5253,IABCH.FR,I
5254,I2BNB.FR,I
5255,I2AXT.FR,I
5256,I2AXR.FR,I
5257,I2AXL.FR,I
5258,I2ABC.FR,I
5259,ILCEZ.FR,I
5288,ICAVE.FR,I
5296,AXGFP.FR,E
5300,MLAA.FR,E
5303,WAGA.FR,E
5322,SGORP.FR,I
5324,MAAT.FR,E
5327,ALACT.FR,E
5328,MESGP.FR,I
5329,MESGN.FR,I
5330,MESGG.FR,I
5333,A3E5ET.ETR,E
5334,A3E5ES.ETR,E
5335,FORSE.FR,E
5360,EBUS.NL,E
5361,TCAMB.FR,I
5362,TCAMP.FR,I
5363,TCAMG.FR,I
5370,IBTC.FR,I
5371,EZEN3.FR,I
5374,OPEMF.NL,E
5423,3TSL.NL,E
5424,ALCBI.FR,E
5429,WPSEU.NL,E
5472,TBGBS.FR,E
5473,SGTEG.FR,I
5474,SGTED.FR,I
5475,SGORG.FR,I
5476,SGORD.FR,I
5477,SGENP.FR,I
5478,SGENG.FR,I
5479,SGEND.FR,I
5480,IMVEM.FR,I
5481,THEDS.FR,E
5482,MTRK.NL,E
5483,SGTEP.FR,I
5521,IELTC.FR,I
5522,IBTCH.FR,I
5523,I3BCH.FR,I
5524,I2ELC.FR,I
5577,GHCPR.FR,I
5578,GHCNR.FR,I
5579,GHCGR.FR,I
5580,GHCD5.FR,I
5615,2NFL.NL,E
5616,2JPM.NL,E
5628,AGHY.NL,E
5637,SGT1P.FR,I
5638,SGT1G.FR,I
5639,SGT1D.FR,I
5640,SGBP.FR,I
5641,SGBG.FR,I
5642,SGBD.FR,I
5677,IUIGB.FR,I
5678,IIWME.FR,I
5679,IIWVE.FR,I
5680,IWHCA.FR,I
5681,TRODS.FR,E
5692,BAPHF.NL,E
5695,IACUG.FR,I
5732,SPR1.NL,E
5733,NHODS.FR,E
5734,SPR1T.NL,E
5736,IASIG.FR,I
5766,2GS.NL,E
5782,IHPJP.FR,I
5791,INIWA.NL,E
6141,HHGF.NL,E
6202,ASNOB.NL,E
6309,TMIF.NL,E
6312,3AAP.NL,E
6329,ROBA.NL,E
6356,AXPB.FR,E
6421,SEIF.NL,E
6440,BCSS.NL,E
6617,SMU.NL,E
6772,3NVD.NL,E
6826,SAPL.NL,E
6872,2NVD.NL,E
6940,DDEF.NL,E
6986,ASNML.NL,E
7013,SWIF.NL,E
7020,AXGIN.FR,E
7043,OPWAF.NL,E
7056,2FB.NL,E
7068,HHOF.NL,E
7084,2VIS.NL,E
7099,SZM.NL,E
7120,ASNZD.NL,E
7149,VETH.FR,E
7270,NNNA.NL,E
7387,BOBL.NL,E
7704,KGSEF.NL,E
7706,NNGLR.NL,E
7954,2UBR.NL,E
7959,AXGIG.FR,E
7960,AXGBM.FR,E
8015,AXFAC.FR,E
8058,NNLF.NL,E
8125,3NFL.NL,E
8134,GSSS.NL,E
8197,ASNGF.NL,E
8232,TCMGF.NL,E
8277,3FB.NL,E
8313,NNJPF.NL,E
8381,SRDS.NL,E
8431,NNHDO.NL,E
8439,3HSB.NL,E
8440,3ZM.NL,E
8445,ICAWA.NL,E
8462,2MSF.NL,E
8525,LANNE.NL,E
8526,AVFNV.NL,E
8571,DDIF.NL,E
8600,KGHDF.NL,E
8617,3GOO.NL,E
8622,AXMIX.FR,E
8756,2STS.NL,E
8799,NNHDA.NL,E
8849,SAMZ.NL,E
8902,SNFL.NL,E
9041,NNGOF.NL,E
9078,2GOO.NL,E
9113,2BAB.NL,E
9120,KSGHD.NL,E
9214,NNDF.NL,E
9289,EMC.NL,E
9344,SAMD.NL,E
9345,STWT.NL,E
9357,RORA.NL,E
9404,LANGR.NL,E
9424,2CRM.NL,E
9595,NNEUF.NL,E
9680,OPERF.NL,E
9735,3PYP.NL,E
9812,TCMVN.NL,E
9836,NNEEF.NL,E
9994,AXEBM.FR,E
10055,SCIT.NL,E
10128,NNEOF.NL,E
10160,BGPSF.NL,E
10176,SFB.NL,E
10239,OPTMF.NL,E
10276,3BP.NL,E
10277,3BAC.NL,E
10287,THXLE.NL,E
10465,3MSF.NL,E
10542,NNDM5.NL,E
10543,ASNO.NL,E
10555,RAFRI.NL,E
10556,IJAWA.NL,E
10578,2AAP.NL,E
10667,ASNMF.NL,E
10788,STSL.NL,E
10867,ARCPF.NL,E
10880,JPMS.NL,E
10959,ASN.NL,E
10970,ASNZO.NL,E
11007,NNPDF.NL,E
11054,SUBR.NL,E
11067,ROLA.NL,E
11128,AXASD.FR,E
11217,ROLG.NL,E
11300,KGPFN.NL,E
11307,A2JH5S.ETR,E
11362,SPYP.NL,E
11546,2TSL.NL,E
11658,TCMAF.NL,E
11706,ASND.NL,E
11714,SSQ.NL,E
11783,3SHP.NL,E
11805,ROMF.NL,E
11849,A0BLMY.ETR,E
11850,SGOO.NL,E
11861,SBP.NL,E
11896,SBAB.NL,E
11931,SMSF.NL,E
11950,LANDE.NL,E
12005,LSP.NL,E
12006,ROBB.NL,E
12008,OPTIN.NL,E
12036,AXASI.FR,E
12179,593700.ETR,E
12278,2CIT.NL,E
12312,NNDM4.NL,E
12340,TRIGF.NL,E
12413,HHREF.NL,E
12559,HHEVF.NL,E
12651,2AMD.NL,E
12751,TP.NL,E
12785,NBZ.NL,E
12842,NNDM3.NL,E
12843,NNGLF.NL,E
12884,ASNN.NL,E
12939,NNDZA.NL,E
12986,AXAHY.FR,E
13007,ROLPR.NL,E
13090,NNED.NL,E
13093,AXUSS.FR,E
13102,BGHEF.NL,E
13103,ASN5.NL,E
13106,593703.ETR,E
13137,CS3L.FR,I
13174,3CRM.NL,E
13649,SNVD.NL,E
13764,HHPF.NL,E
13822,KORPT.NL,E
13868,KESVC.NL,E
13903,2TWT.NL,E
14052,KEHDF.NL,E
14053,KORAF.NL,E
14088,SBA.NL,E
14236,VODS.NL,E
14333,ROCO.NL,E
14340,3AMZ.NL,E
14405,AXRES.FR,E
14418,3VOD.NL,E
14484,AVIAW.NL,E
14546,2MU.NL,E
14563,LANOF.NL,E
14705,KBEPF.NL,E
14727,ALVTX.FR,E
14748,NNESC.NL,E
14757,AXROB.FR,E
14871,ROQI.NL,E
14943,3SQ.NL,E
14944,HSBS.NL,E
14981,ROBC.NL,E
14982,SCRM.NL,E
15075,NNDM2.NL,E
15116,NNDM1.NL,E
15141,3RDS.NL,E
15226,INBRA.NL,E
15301,HHIF.NL,E
15340,SSHO.NL,E
15354,SNAIF.NL,E
15383,OBAM.NL,E
15384,HHVF.NL,E
15726,ROBF.NL,E
15927,NNGLO.NL,E
16008,AXGCB.FR,E
16033,2AMZ.NL,E
16036,3BA.NL,E
